vinoid,vid,nombre,cepa,descripcion,precio
0,0,TannahCHICLANA,TANNAH ,Asperiores iusto officia delectus maiores. Est aliquam harum nobis nemo. Consequatur officiis et sequi occaecati error perferendis ipsa.,13925.41
1,0,Cabernet FrancLA,CABERNET FRANC ,Harum modi omnis.,4131.75
2,0,BonardaDE,BONARDA ,Quia blanditiis vero sed ipsa deleniti. Quisquam minima debitis soluta quos eaque qui.,17511.88
3,0,Cabernet FrancMECA,CABERNET FRANC ,Incidunt nulla qui placeat molestiae dolore. Ab doloribus ex amet reprehenderit ducimus optio. Ex eius laborum distinctio.,17818.49
4,0,BonardaLA,BONARDA ,Incidunt aperiam commodi cumque. Aliquid inventore recusandae nobis aperiam recusandae. Eum et aliquam non ut minima aliquid non.,17312.16
5,1,Petit VerdotPALMITOS,PETIT VERDOT ,Et quasi ea blanditiis velit. Vel pariatur quaerat nostrum.,23954.22
6,1,MerlotALTO,MERLOT ,Quaerat iure quaerat incidunt autem quam. Similique explicabo eveniet dicta nesciunt. Commodi quod maiores in itaque perferendis pariatur.,16478.07
7,1,TannahBACINETE,TANNAH ,Voluptatum consequatur inventore unde. Atque eaque molestiae repudiandae vero.,13418.58
8,1,Cabernet FrancTOLETA,CABERNET FRANC ,Quidem odit pariatur culpa temporibus rem dolorem ad. Cum modi voluptas eligendi neque. Quos asperiores autem iusto qui.,9240.78
9,1,MerlotII,MERLOT ,Voluptas perferendis non quod dolore placeat soluta. Eaque ex facilis nam.,15260.85
10,2,TannahMEDIEVAL,TANNAH ,Nihil earum culpa quasi repellendus. Tenetur maxime dignissimos iusto magni iste.,4530.4
11,2,BonardaFORESTAL,BONARDA ,Saepe placeat fugiat voluptatem ex voluptatibus officiis. Repudiandae maiores ad quos voluptatum sit impedit.,17384.56
12,2,TannahPINSAPAR,TANNAH ,Laudantium doloribus porro deleniti facere nemo illum. Molestias nisi quis laudantium laboriosam. Nulla aliquid aspernatur et necessitatibus quasi. Quos rerum eligendi reiciendis quae occaecati.,14235.19
13,2,Petit VerdotMENACHA,PETIT VERDOT ,Eum aliquam tenetur qui soluta unde odio odio. Velit excepturi at reiciendis similique.,6625.24
14,2,BonardaRAMOS,BONARDA ,Cum corrupti dolorum totam omnis suscipit suscipit accusamus. Asperiores modi provident consequuntur ratione explicabo. Libero culpa facilis nam praesentium aliquam ad.,23134.52
15,3,Petit VerdotATALAYA,PETIT VERDOT ,Libero in maiores porro magni corrupti saepe.,11823.85
16,3,Petit VerdotTRAMO,PETIT VERDOT ,Odio blanditiis iure vero. Modi repellat neque corporis possimus odio ea totam.,15337.8
17,3,BonardaCOSTA,BONARDA ,Qui optio velit delectus. Architecto voluptatum error reprehenderit soluta consectetur non voluptates. Fugiat ullam eaque architecto.,2064.97
18,3,Petit VerdotRIBERA,PETIT VERDOT ,Iusto velit placeat vero quos corporis cumque dolorem. Quibusdam reiciendis ad nesciunt consequatur explicabo quod voluptatem. Odio ea blanditiis distinctio impedit.,19759.1
19,3,MerlotLAS,MERLOT ,Praesentium aperiam rem. Ipsa sunt perspiciatis reprehenderit sapiente.,11609.55
20,4,Cabernet FrancMUELA-LOS,CABERNET FRANC ,Repellendus occaecati commodi velit. Pariatur facilis dolorem debitis consectetur.,7270.54
21,4,BonardaENDORREICO,BONARDA ,Fuga dolorem reprehenderit in eum eligendi sed. Quas aut ad facilis quam perferendis. Soluta maxime ex vitae numquam.,14145.77
22,4,MalbecCAÑUELO,MALBEC ,Quo libero praesentium dolorem quas et. Placeat labore et praesentium.,22882.07
23,4,MalbecDE,MALBEC ,Reprehenderit commodi ipsam consectetur modi adipisci molestiae natus. Delectus iure beatae laudantium.,7847.4
24,4,Petit VerdotAL,PETIT VERDOT ,Doloribus natus officia expedita. Dolorem illo aperiam.,14361.51
25,5,Petit VerdotPINAR,PETIT VERDOT ,Rerum iste similique ut. Velit tempora deserunt dolore nihil.,18608.35
26,5,Petit VerdotCENTENARIO,PETIT VERDOT ,Amet debitis quod perspiciatis. Itaque vitae fugit delectus ex.,13989.69
27,5,Cabernet SauvignonBAHIAS.,CABERNET SAUVIGNON ,Dolorem rerum tempora deleniti qui exercitationem. Deleniti perspiciatis ipsa ab. Adipisci dolorum delectus doloremque natus ad eum.,5698.55
28,5,SyrahCORREDOR,SYRAH ,Provident suscipit corporis tenetur voluptatem facilis. Corrupti ea est. Dicta eum corrupti.,23058.66
29,5,TannahDE,TANNAH ,Tempora aut quia temporibus recusandae. In quaerat aspernatur saepe possimus nobis. Aliquid explicabo aspernatur.,18075.77
30,6,MalbecALGARBES-BETIJUELO,MALBEC ,Ipsum aspernatur dignissimos nemo ipsa ea id. Cupiditate eos voluptas molestiae non sapiente.,4677.23
31,6,Petit VerdotAL,PETIT VERDOT ,Accusamus nisi dignissimos animi dignissimos sequi ab.,2264.56
32,6,SyrahMENACHA,SYRAH ,Labore expedita perferendis. Vero veritatis quo.,24572.63
33,6,SyrahDE,SYRAH ,Est veritatis ducimus quod eaque labore. Modi maxime necessitatibus ullam laudantium.,10675.1
34,6,Petit VerdotLOS,PETIT VERDOT ,Non praesentium maxime hic. Maxime necessitatibus officia laborum deserunt cumque sequi. Magni harum impedit quis deserunt fuga minus neque.,7125.44
35,7,SyrahREGINOSA,SYRAH ,Sed delectus accusamus.,21383.29
36,7,MalbecSAN,MALBEC ,Rerum veritatis mollitia. Dolorum debitis quae debitis.,7162.98
37,7,TannahI,TANNAH ,Occaecati quam distinctio reiciendis maxime aliquid sapiente. Repellendus ex rerum rerum quod. Rerum sequi odit veritatis aliquam facere quod.,5913.91
38,7,BonardaDE,BONARDA ,Qui dolore illo molestiae. Soluta voluptates quibusdam non ad voluptas. Error esse iusto magnam.,3993.85
39,7,Cabernet SauvignonDE,CABERNET SAUVIGNON ,Quas maxime numquam porro a sed enim. Omnis porro eum eius fugit repellat temporibus. Ea ex odit quam ratione quia aspernatur.,16755.85
40,8,Petit VerdotDEL,PETIT VERDOT ,Totam reiciendis voluptatibus dolore. Laborum qui facilis magni illum tempora in sint.,10145.12
41,8,Cabernet SauvignonDE,CABERNET SAUVIGNON ,Ducimus nulla rem quae voluptates quisquam. Ea laborum dicta adipisci. Eum perferendis rerum ipsa rem dolor.,19118.06
42,8,Cabernet SauvignonAMARGA,CABERNET SAUVIGNON ,Accusantium molestiae quibusdam laboriosam cum blanditiis veritatis neque. Magni officiis dolorum rerum. Tempore aut nobis sed expedita odio perferendis quia.,2447.08
43,8,SyrahRÍO,SYRAH ,Expedita dolor quo hic vel modi delectus. Dicta expedita aut voluptates tenetur ut. Dolor inventore laboriosam iure corrupti.,3368.45
44,8,Cabernet SauvignonHIGUERÓN,CABERNET SAUVIGNON ,Labore illum natus facere sed accusantium voluptatem. Dolores officiis illo expedita.,19016.29
45,9,TannahDEL,TANNAH ,Commodi asperiores dolore vero. Possimus et fugiat doloribus dignissimos voluptas. Facilis nam aut porro ipsum temporibus.,16482.6
46,9,Cabernet FrancMONTECOCHE,CABERNET FRANC ,Aliquam odio eos soluta qui minus. Fugit consequuntur ut vel accusantium perferendis optio. Quibusdam ab ea nulla dignissimos blanditiis.,6568.83
47,9,MerlotDEL,MERLOT ,Hic nostrum vitae explicabo. Atque tempore magni.,10403.1
48,9,Cabernet FrancVERDE,CABERNET FRANC ,Neque provident dolor nihil. Quam impedit alias repudiandae minus numquam.,4895.55
49,9,Cabernet FrancDE,CABERNET FRANC ,Minima ab a magnam nulla provident consequuntur. Neque nisi laudantium cumque. Nostrum consectetur expedita nostrum.,22347.28
50,10,Petit VerdotBARTOLOMÉ,PETIT VERDOT ,Libero animi fugit reiciendis. Non consequuntur nulla veniam quasi praesentium sit ipsum. Quasi libero eos porro at impedit.,15430.13
51,10,SyrahDE,SYRAH ,Dicta ab aliquam blanditiis in nam. Neque architecto cumque praesentium explicabo ullam. Cupiditate porro similique rerum.,8270.96
52,10,MalbecDE,MALBEC ,Consectetur accusantium doloremque vero vero excepturi. Debitis nihil quibusdam.,12804.12
53,10,SyrahDE,SYRAH ,Libero voluptate earum error placeat debitis. Quam veritatis qui laborum sint.,12554.73
54,10,TannahDEL,TANNAH ,Quis ratione voluptas accusantium aliquid ratione. Distinctio ab sequi temporibus. Culpa rerum quos molestias enim architecto doloremque.,6465.98
55,11,Cabernet FrancCOLA,CABERNET FRANC ,Quisquam dignissimos rerum architecto voluptatibus. Eum facere ducimus fugit dignissimos occaecati. Quasi tempora quidem facilis consequuntur.,14722.26
56,11,SyrahREMEDIOS,SYRAH ,Deleniti maiores atque delectus inventore. Blanditiis excepturi eaque commodi officia soluta. Occaecati neque harum quia quisquam veritatis aut voluptates.,6865.82
57,11,MalbecPUERTA,MALBEC ,Dignissimos facilis at quo. Rerum veniam explicabo nihil eos nisi consectetur.,2316.47
58,11,Cabernet FrancDE,CABERNET FRANC ,Sint harum perferendis eveniet quia. Ex odio at amet.,5269.4
59,11,Cabernet SauvignonENDORREICO,CABERNET SAUVIGNON ,Ab amet beatae totam quia nam. Sed perferendis nesciunt libero omnis. Dolores tenetur eligendi similique.,9284.22
60,12,Petit VerdotLAS,PETIT VERDOT ,Hic consequatur minima qui dolore. Reprehenderit mollitia ea quia libero. Possimus ut in architecto ratione cupiditate.,12437.66
61,12,MalbecDE,MALBEC ,Nihil accusantium aut ex consectetur dolores enim.,19229.24
62,12,SyrahPUENTE,SYRAH ,Ut temporibus dignissimos quaerat praesentium dolor. Maxime accusantium velit quae aliquid vitae laudantium harum.,14913.94
63,12,SyrahBAHÍA,SYRAH ,Cum porro aliquid sapiente quia itaque. Autem ab illo dicta adipisci ab.,17212.34
64,12,MalbecDOS,MALBEC ,Laboriosam at repudiandae veniam beatae. Fugiat omnis nesciunt deserunt at eveniet perferendis. Eligendi quod alias aliquam dicta libero eveniet error.,13495.74
65,13,TannahCORDERO,TANNAH ,Deleniti sint magni quaerat quae ullam fuga. Fuga excepturi iste accusamus laborum maiores.,18229.2
66,13,BonardaDE,BONARDA ,Fugiat quaerat laudantium at quo numquam maxime dolores. Labore quis quas ab fugiat.,19534.66
67,13,MerlotHOYO,MERLOT ,Hic sequi aliquid iste nulla ex facilis. Repudiandae ea illum.,11841.69
68,13,TannahDE,TANNAH ,Culpa iusto dolorum asperiores laborum suscipit repellat. Quaerat magni mollitia eligendi. Omnis eius blanditiis quidem corporis dolores minus.,4842.79
69,13,TannahLÍBAR,TANNAH ,Sit quas sunt magnam odit sunt cum beatae. Iste doloribus culpa tenetur sunt voluptas voluptate.,18825.57
70,14,Petit VerdotY,PETIT VERDOT ,Laudantium assumenda quibusdam porro. Fugiat accusantium placeat neque assumenda eaque ea. Eum ipsam harum at temporibus nemo nisi quibusdam.,11418.42
71,14,Petit VerdotY,PETIT VERDOT ,Repellat doloremque eius asperiores expedita velit. Quidem officia laboriosam fugit quas itaque. Debitis accusantium nisi quae rerum itaque.,20910.68
72,14,Cabernet SauvignonCALVARIO,CABERNET SAUVIGNON ,Assumenda beatae pariatur sapiente.,20618.82
73,14,BonardaY,BONARDA ,Eligendi repudiandae laboriosam nisi doloremque odit non. Quidem cum facilis. Ipsum vel placeat alias harum in.,14611.57
74,14,MalbecDE,MALBEC ,Architecto aliquam reprehenderit ea dolores enim minima. Dignissimos hic explicabo cumque.,22870.66
75,15,MalbecAGUILILLAS,MALBEC ,Sint minima inventore saepe dolorem ea sed praesentium.,17438.76
76,15,MerlotDEL,MERLOT ,Earum at deleniti ratione fugiat natus. Sit architecto unde.,10994.51
77,15,SyrahESPARRAGAL,SYRAH ,Esse error omnis esse iste consequuntur quibusdam. Aut adipisci animi assumenda quasi.,20839.46
78,15,Cabernet SauvignonLA,CABERNET SAUVIGNON ,Sed placeat asperiores distinctio impedit officiis. Esse possimus ducimus quas autem. Fugit est voluptas odit eius voluptatibus nam.,24294.73
79,15,MalbecVERDE,MALBEC ,Ea facilis magni nemo consectetur. Aut error sunt blanditiis expedita eius. Minima inventore reiciendis possimus nulla.,21980.42
80,16,MerlotRONDA,MERLOT ,Perferendis impedit sapiente porro quae consectetur illum. Id ratione ex accusantium sed officiis aut asperiores.,22606.01
81,16,Petit VerdotSANTA,PETIT VERDOT ,Fugiat minima excepturi doloremque veniam fugiat earum libero. Nemo ducimus debitis nam reprehenderit minus consequuntur.,16659.93
82,16,BonardaDE,BONARDA ,Praesentium laboriosam hic nesciunt nesciunt labore. Dicta architecto aspernatur ipsam.,11281.5
83,16,MerlotCOSTA,MERLOT ,Consequuntur officiis qui debitis tempore. Quasi facilis aspernatur iste.,2151.85
84,16,MalbecCERRO,MALBEC ,Assumenda quam necessitatibus. Quis eveniet dolorum impedit dolore. Non asperiores odit sint. Facilis eligendi illum aliquam temporibus cum eum.,20098.36
85,17,BonardaFRONTERA,BONARDA ,Officia voluptates ullam natus alias possimus voluptatum. Harum praesentium non sapiente eius quia. Maiores fugit a.,19929.06
86,17,BonardaUTRERA,BONARDA ,Omnis delectus quasi ipsam commodi ducimus ad dolor. Libero soluta ab consectetur cumque molestiae soluta. Qui dolore accusantium dignissimos doloribus explicabo.,13510.24
87,17,Cabernet FrancDESCANSADERO,CABERNET FRANC ,Cumque exercitationem consequuntur debitis accusamus. Dolor excepturi a nisi deserunt enim tempora.,22382.9
88,17,MalbecPINSAPAR,MALBEC ,Labore pariatur perferendis. Reprehenderit recusandae occaecati quaerat harum minima rerum. Laudantium magnam dignissimos eos libero facilis.,13887.83
89,17,Cabernet SauvignonOJÉN,CABERNET SAUVIGNON ,Unde sit nostrum. Tenetur modi corporis libero consequatur omnis.,17013.26
90,18,MalbecCAMINO,MALBEC ,Suscipit nisi soluta numquam sapiente repellat. Ex unde eum dolorum quos officia similique sit. Vel commodi at quas.,15325.47
91,18,SyrahBALLENA-CHIPIONA,SYRAH ,Necessitatibus nesciunt corrupti maxime. Quaerat itaque ea ut atque inventore soluta. Laborum possimus quidem dolores sunt illo.,16554.38
92,18,MerlotDEL,MERLOT ,Atque tenetur modi maiores eos ullam. Repellat ea magnam possimus perspiciatis.,8490.89
93,18,Cabernet FrancHUERTA,CABERNET FRANC ,Aliquid ratione repellendus animi nulla quod occaecati laudantium.,7960.4
94,18,Petit VerdotLOS,PETIT VERDOT ,Sit aspernatur inventore consectetur quam. Ipsam numquam modi earum ducimus veritatis. Voluptates dicta eos cupiditate.,20268.58
95,19,TannahCHICLANA,TANNAH ,Voluptatum magni tenetur autem modi. Voluptatibus doloribus expedita natus nobis repudiandae ut exercitationem. Fuga blanditiis maiores fuga neque in possimus.,6823.38
96,19,Petit VerdotMATAGORDA,PETIT VERDOT ,Fugiat sint quae debitis neque explicabo. Asperiores distinctio eaque dolorum modi voluptatibus.,11298.35
97,19,Cabernet FrancJIMENA,CABERNET FRANC ,Officiis magnam non ipsam nostrum. Dignissimos laboriosam atque occaecati laboriosam.,21754.27
98,19,MalbecTREJO,MALBEC ,Neque asperiores omnis voluptate.,7661.61
99,19,Cabernet SauvignonSALINAS,CABERNET SAUVIGNON ,Dicta provident similique quibusdam ab delectus aspernatur. Quis suscipit aut dicta odio blanditiis.,4491.34
100,20,Cabernet FrancBRAÑAHONDA,CABERNET FRANC ,Nihil reprehenderit maxime consequatur distinctio illo iste. Voluptas excepturi molestias ducimus molestias. Facilis quos aliquam animi debitis a facilis iusto.,20821.63
101,20,BonardaDE,BONARDA ,Voluptatibus eligendi tempore dolore. Ea nobis cum iste consequuntur expedita suscipit.,21831.39
102,20,Cabernet FrancGUADALMESÍ,CABERNET FRANC ,Accusamus similique eos blanditiis. Eligendi ipsam qui nisi. Officiis repudiandae alias minima tenetur.,24099.31
103,20,Cabernet SauvignonMEDIEVAL,CABERNET SAUVIGNON ,Perspiciatis voluptas tempora voluptatum. Eligendi minima molestiae magnam a asperiores dolorem. Dolores minus aspernatur optio temporibus nam.,2036.16
104,20,TannahPUERTA,TANNAH ,Quisquam cupiditate voluptatibus reprehenderit sunt magnam. Ab facilis qui exercitationem alias. Harum iure libero ipsum. Laudantium harum consectetur.,12759.16
105,21,Cabernet SauvignonPARDA,CABERNET SAUVIGNON ,Molestiae recusandae maxime autem officiis. Ipsam suscipit aliquid consectetur.,17200.38
106,21,MerlotLAS,MERLOT ,Iure laborum nihil voluptatibus. Natus ratione sed earum qui voluptatem consequatur. Magni natus ab sunt.,21998.37
107,21,Cabernet SauvignonLOS,CABERNET SAUVIGNON ,Cumque commodi unde cumque ipsa voluptates a. Repudiandae delectus a molestiae facere officiis. Autem cum ipsa deserunt labore velit ea. Quisquam quam commodi.,13209.26
108,21,Cabernet SauvignonDEL,CABERNET SAUVIGNON ,Hic nobis nesciunt beatae praesentium. Quis veritatis fugit provident architecto sapiente cupiditate.,3025.94
109,21,MalbecEL,MALBEC ,Impedit ex et. Sit reiciendis harum nihil cupiditate corporis inventore magni.,15662.52
110,22,Cabernet SauvignonEL,CABERNET SAUVIGNON ,Itaque nam rem fugiat.,3713.23
111,22,MalbecBUJEO,MALBEC ,Placeat explicabo dignissimos repellat saepe ex voluptatibus. Praesentium dicta a.,4811.87
112,22,MerlotALGODONALES,MERLOT ,Beatae aut repellendus explicabo. Totam necessitatibus fugiat natus eos dolorem odit. Consequatur eligendi reiciendis voluptatem iure recusandae accusantium.,3080.01
113,22,Petit VerdotSANTA,PETIT VERDOT ,Ut ducimus exercitationem aliquid necessitatibus. Ducimus harum deserunt iusto necessitatibus esse nostrum dolore.,4712.03
114,22,BonardaDESAMPARADOS,BONARDA ,Vitae similique explicabo laboriosam quasi dicta tempore harum. Quo accusamus nisi velit dolor. Veritatis rerum sapiente mollitia nostrum.,21015.63
115,23,Petit VerdotDE,PETIT VERDOT ,Maxime repellendus nisi eos repellat beatae totam. Laborum illo ipsum illum.,6023.98
116,23,MalbecPEDRIZA,MALBEC ,Officia cum nulla nisi. Voluptate repellat fuga molestias tempora libero nemo. Reprehenderit ullam consequuntur nemo libero minus consequatur.,11081.36
117,23,MerlotLITORAL,MERLOT ,Ipsa quas repellat quo quasi esse. Delectus rerum dolores veritatis ullam.,24346.79
118,23,MerlotBREÑA,MERLOT ,Totam nisi eligendi commodi vel labore facilis corrupti. Ad voluptatum eligendi.,14525.22
119,23,Cabernet FrancLA,CABERNET FRANC ,Optio laboriosam occaecati eaque. Consectetur libero at debitis. Suscipit eveniet repudiandae unde quia accusantium.,24108.13
120,24,Cabernet SauvignonMENACHA,CABERNET SAUVIGNON ,Repellat libero amet voluptatibus aut. Necessitatibus consectetur error labore rerum. Ipsum praesentium deleniti quasi tempora.,14132.08
121,24,TannahDEL,TANNAH ,Id praesentium rerum totam dolorem. Perferendis error cumque dicta occaecati laudantium.,4403.76
122,24,Petit VerdotLITORAL,PETIT VERDOT ,Quo reprehenderit vel molestiae saepe suscipit amet et. Laboriosam autem provident distinctio dignissimos sapiente nulla.,18579.31
123,24,Cabernet FrancESTUARIO,CABERNET FRANC ,Quas veniam repudiandae unde cupiditate laboriosam nisi. Iure reiciendis alias quia. Recusandae blanditiis doloremque beatae odit repellendus.,9618.93
124,24,TannahZAFRAMAGÓN,TANNAH ,Expedita debitis tempora consequatur quo. Minus cum ratione id labore. Nam quis praesentium beatae itaque eius minima numquam.,7628.39
125,25,TannahCERRO,TANNAH ,Atque doloremque commodi optio. Quas sapiente ab ipsa.,20738.15
126,25,MalbecSANTO,MALBEC ,Ut deserunt eaque maiores impedit. Architecto dolorum maxime provident nisi. Blanditiis corporis quo vero earum. Quaerat dolorum atque itaque eius atque nulla.,20847.67
127,25,SyrahDE,SYRAH ,Odit atque aspernatur dolore tempore.,3285.83
128,25,MalbecRUTA,MALBEC ,Vero nisi cupiditate tempore quasi. Ullam blanditiis dicta assumenda magnam veniam animi.,13769.89
129,25,Cabernet Franc-,CABERNET FRANC ,Sint pariatur odit beatae nemo.,15300.17
130,26,TannahBARTOLOMÉ,TANNAH ,Ex sequi minima suscipit blanditiis. Officia modi quidem.,17141.96
131,26,SyrahMENACHA,SYRAH ,Ex sint sapiente rem exercitationem molestias aliquid. Beatae sint modi soluta fugiat. Aut tempora accusantium impedit.,8986.42
132,26,MalbecSEÑORA,MALBEC ,Nulla mollitia cupiditate dignissimos. Maxime saepe neque voluptate harum.,13178.0
133,26,MalbecPARDA,MALBEC ,Itaque quaerat est praesentium. Sapiente deleniti commodi accusantium laboriosam. Rerum eligendi ipsam voluptatem minima ex.,3144.73
134,26,BonardaCRUZ,BONARDA ,Hic ea natus. Recusandae reprehenderit officiis quam consectetur minima quam. Iste architecto laudantium nulla laborum.,13818.36
180,36,Petit VerdotDE,PETIT VERDOT ,Porro sequi cumque maiores at dignissimos cupiditate. Soluta pariatur adipisci enim facere voluptate tempore nostrum.,15790.47
135,27,SyrahCAÑOS,SYRAH ,Quisquam nihil cumque voluptatum distinctio quaerat. Aspernatur magni accusantium iusto deserunt cumque aut maxime. Ea sit ea veniam maxime accusantium.,21508.11
136,27,Cabernet SauvignonDE,CABERNET SAUVIGNON ,Minima quaerat accusantium.,7964.88
137,27,SyrahCHARCONES,SYRAH ,Doloremque fuga hic. Libero cupiditate facilis ipsum nesciunt veniam.,9147.37
138,27,Cabernet SauvignonLAS,CABERNET SAUVIGNON ,Eligendi quam dolorum quod dolorum vel reprehenderit. Debitis quos similique recusandae. Officia reprehenderit quam facere magnam. Ducimus cupiditate temporibus architecto.,22675.57
139,27,MerlotPRISIONEROS,MERLOT ,Repudiandae expedita exercitationem iure blanditiis provident enim. Consequatur quam veritatis voluptates reprehenderit fugit possimus. Soluta accusantium esse nostrum cum.,4070.31
140,28,BonardaDEL,BONARDA ,Voluptates pariatur ab. Quo maxime ad ea odit non similique aut.,14014.46
141,28,BonardaESCARPES,BONARDA ,Exercitationem enim aliquam. Eos culpa porro voluptas sequi.,21682.05
142,28,MerlotGAIDOVAR,MERLOT ,Eaque accusamus nihil ex quo itaque. Dolore recusandae hic consequatur fugiat. Distinctio rerum voluptatibus molestias.,9259.37
143,28,MerlotMEANDROS,MERLOT ,Sunt soluta fuga laborum quo cupiditate praesentium. Neque cupiditate impedit maiores commodi. Ratione doloremque esse optio provident. Ipsam sunt iure vel laudantium cum odio quisquam.,6835.9
144,28,Petit VerdotMENACHA,PETIT VERDOT ,Non perferendis labore earum ullam. Sed animi itaque perferendis atque voluptatum voluptate. Itaque facere dolorum ea. Iste saepe officiis voluptatibus sit temporibus numquam architecto.,14746.77
145,29,MalbecBAHIAS.,MALBEC ,Placeat expedita natus quia ad dolor itaque animi. Nulla vel rem iure.,21751.23
146,29,MalbecDE,MALBEC ,Maiores placeat officia. Odio totam ipsum ipsam exercitationem eaque. Reprehenderit animi asperiores officiis dolorum eligendi.,17508.66
147,29,TannahGASTOR,TANNAH ,Assumenda facere facilis tempora dolorum beatae voluptate. Id perspiciatis cumque aut. Sint asperiores architecto laudantium.,12482.82
148,29,SyrahLOS,SYRAH ,Numquam architecto consequatur impedit illo facere commodi nihil. Molestias architecto quaerat.,3347.48
149,29,BonardaLOS,BONARDA ,Repellat explicabo enim alias accusantium quis. Optio voluptatibus tempora vitae harum doloribus velit dolores. Eos debitis modi.,9453.83
150,30,BonardaEL,BONARDA ,Esse excepturi optio provident. Libero corporis quod beatae similique consequatur.,11543.22
151,30,SyrahBOYAR,SYRAH ,Deleniti incidunt magnam consequatur totam odit occaecati. Laudantium voluptatem illum enim consequuntur.,22369.65
152,30,MerlotDE,MERLOT ,Delectus placeat ipsam sunt. Neque eius maxime fuga ea sit blanditiis atque. Nihil illo numquam atque doloremque laudantium.,20636.83
153,30,SyrahJEREZ,SYRAH ,Officia odio deserunt perspiciatis.,17281.26
154,30,BonardaRUTA,BONARDA ,Labore recusandae similique. Molestiae a sit culpa deserunt.,19258.31
155,31,Cabernet FrancDE,CABERNET FRANC ,Quia sed ullam fuga quaerat similique. Incidunt nisi dolores. Esse eius labore natus voluptate sit.,3916.48
156,31,Cabernet SauvignonCERROS,CABERNET SAUVIGNON ,Officiis magnam culpa est beatae deleniti a sed. Quisquam nisi doloribus aperiam aut libero aperiam magni. Maxime recusandae voluptate possimus deserunt soluta aspernatur.,10443.72
157,31,Cabernet FrancDE,CABERNET FRANC ,Cupiditate recusandae repellendus. Autem quos velit odio possimus omnis optio. Quis nisi quisquam omnis deleniti blanditiis fugiat. Distinctio inventore mollitia eos.,20290.12
158,31,Petit VerdotDE,PETIT VERDOT ,Aliquid nostrum inventore nesciunt perferendis consequuntur modi. Sapiente odio reprehenderit quis quaerat corporis.,10061.34
159,31,MalbecGUADIARO,MALBEC ,Ex quaerat ex harum nobis eaque neque. Iusto ipsa veritatis temporibus iste.,23771.78
160,32,Petit VerdotPUERTO,PETIT VERDOT ,Non sequi quia quo. Tempora architecto aspernatur maiores. Suscipit quibusdam doloremque tenetur dolorem nemo reiciendis.,16330.14
161,32,TannahSILLETERO,TANNAH ,Beatae incidunt quidem debitis illum beatae eveniet.,19819.64
162,32,Cabernet FrancDEL,CABERNET FRANC ,Odio quis vel fugiat alias. Earum veritatis necessitatibus.,21868.48
163,32,Cabernet FrancDEL,CABERNET FRANC ,Ipsa architecto hic iusto officiis tenetur accusantium. Commodi tenetur veritatis debitis numquam vitae.,18106.37
164,32,MalbecTAJO,MALBEC ,Ea est minus deserunt non reiciendis iure ut. Animi inventore sunt tempore. Beatae quod tenetur fugiat fuga.,4240.38
165,33,SyrahDE,SYRAH ,Voluptatibus id et sint nam illum. Facere culpa blanditiis veritatis alias enim recusandae.,11476.23
166,33,MerlotPINOS,MERLOT ,Nostrum soluta voluptas error alias aut temporibus deserunt. Quibusdam repellat necessitatibus similique modi.,8659.02
167,33,TannahCAÑADA,TANNAH ,Dolorem repudiandae non. Quaerat adipisci dolores est. Tempore debitis molestiae illum maiores.,16882.78
168,33,Petit VerdotCOSTA,PETIT VERDOT ,Animi consequatur a suscipit vel perspiciatis magnam. Reprehenderit ex veritatis ut aperiam nulla deserunt. Voluptatum maxime asperiores suscipit libero. Voluptatem ducimus sunt cumque itaque vitae.,18212.91
169,33,Cabernet FrancASCENSO,CABERNET FRANC ,Porro rerum enim est. Libero illo aperiam voluptatem aliquam enim fugit. Molestias porro reprehenderit deserunt sit reprehenderit doloribus explicabo.,15468.59
170,34,TannahALGODONALES-LOS,TANNAH ,Velit eaque vitae deserunt. Maiores perspiciatis rem voluptas praesentium tenetur sequi. Aliquam nemo modi adipisci tempore possimus quae.,6623.95
171,34,TannahDE,TANNAH ,Beatae nesciunt nulla necessitatibus rem ratione dignissimos ducimus. In quos eligendi perspiciatis at qui labore.,4610.83
172,34,Cabernet FrancRONDA,CABERNET FRANC ,Provident fugit eveniet.,19297.85
173,34,MalbecSILLETERO,MALBEC ,Quidem aliquam id tempore quas. Dolore praesentium corrupti neque reiciendis ratione explicabo porro.,9285.38
174,34,MerlotDEL,MERLOT ,Placeat blanditiis ad tempore quibusdam. Quis temporibus sequi quisquam veritatis numquam.,13835.98
175,35,BonardaFUENTE,BONARDA ,Placeat dolorem tempore asperiores neque. Aliquid praesentium nisi rerum.,6845.86
176,35,MalbecVERDE,MALBEC ,Aliquid sit ratione. Explicabo provident maxime quidem quibusdam cumque sequi eveniet.,22487.62
177,35,SyrahEL,SYRAH ,Facilis amet error iusto tenetur officiis inventore. Magnam quaerat ullam omnis.,15419.88
178,35,MerlotZONA,MERLOT ,Dolorem veritatis quisquam voluptate odio officia tenetur. Dolorem deserunt enim aperiam beatae saepe.,9313.6
179,35,MalbecPALMONES,MALBEC ,Alias corporis libero possimus labore qui. Commodi nisi labore et repellendus possimus.,6166.42
181,36,MalbecBOLONIA-PULIDO,MALBEC ,Voluptatem suscipit autem reprehenderit occaecati. Expedita sapiente sed tempore laborum eos. Sint quibusdam assumenda.,13935.72
182,36,MalbecIV,MALBEC ,Natus sint dolorem. Sit rem iste autem nesciunt.,12277.21
183,36,Cabernet FrancROMANA,CABERNET FRANC ,Nam porro alias nostrum nobis. Pariatur quia eveniet aperiam aliquam. Assumenda itaque quam dolorem repellat exercitationem numquam.,22934.73
184,36,SyrahMEANDROS,SYRAH ,Sint eos saepe voluptatum exercitationem. Saepe facilis distinctio incidunt illo architecto quaerat. Esse expedita tenetur deleniti vero necessitatibus mollitia.,23491.48
185,37,Cabernet FrancAL,CABERNET FRANC ,Deserunt accusamus sunt fugiat modi tempora. Alias consequatur magni ipsum eligendi explicabo repellendus. Non consequuntur praesentium eaque commodi.,23434.57
186,37,Cabernet SauvignonESPERA,CABERNET SAUVIGNON ,Veniam sunt non non expedita deserunt. Impedit aut nisi quia minima odio cum. Explicabo libero omnis totam.,2657.35
187,37,TannahLA,TANNAH ,Velit itaque velit beatae cupiditate pariatur assumenda. Possimus laboriosam soluta aliquam quaerat ad. Modi saepe sequi reprehenderit excepturi iusto debitis.,16139.45
188,37,MerlotDE,MERLOT ,Itaque iusto officiis temporibus adipisci. Delectus sit quaerat similique minus. Sapiente explicabo beatae hic.,15306.84
189,37,Petit VerdotTRAVESIA,PETIT VERDOT ,Maxime harum saepe consequuntur deleniti. Debitis facilis ab voluptas nihil.,18963.5
190,38,MerlotPAJARRACO,MERLOT ,Itaque pariatur ratione facilis delectus quasi. Quos sapiente maxime.,2763.52
191,38,TannahDE,TANNAH ,Nulla provident commodi. Quam ex qui officiis nisi.,15112.45
192,38,Cabernet FrancMORO,CABERNET FRANC ,Dolore delectus asperiores laudantium neque in eaque. Eaque aperiam impedit numquam. Itaque ex aliquam laborum.,21857.12
193,38,BonardaALGARBES-BETIJUELO,BONARDA ,Sunt consequatur porro sequi facilis nobis veritatis.,4097.92
194,38,Cabernet SauvignonLOS,CABERNET SAUVIGNON ,Delectus laborum voluptatibus debitis velit debitis. Laborum fugiat mollitia blanditiis dolorem. Labore illum repellat ipsa.,12812.36
195,39,Petit VerdotALMORAIMA,PETIT VERDOT ,Magni deserunt ipsa saepe molestiae facilis itaque. Ex debitis accusamus itaque doloremque ea assumenda.,17413.53
196,39,Petit VerdotBOQUERÓN,PETIT VERDOT ,Quaerat id temporibus ipsa. Sapiente sapiente cum dicta.,12461.55
197,39,Petit VerdotLA,PETIT VERDOT ,Magnam quidem eaque magnam. Est quia sunt in itaque. Natus laudantium veritatis in recusandae ipsum.,16530.68
198,39,Cabernet SauvignonLA,CABERNET SAUVIGNON ,Magni ad voluptatem maxime dolorem molestiae. Sunt incidunt provident maxime earum. In dicta deserunt atque officiis esse nobis quaerat.,21251.62
199,39,Cabernet FrancDEL,CABERNET FRANC ,Debitis enim repudiandae facere quibusdam maxime. Voluptates accusamus minima perspiciatis quibusdam veniam. Excepturi repudiandae error.,21228.13
200,40,Cabernet SauvignonNAVAZO,CABERNET SAUVIGNON ,Perspiciatis vel illum aperiam voluptates in. Aperiam voluptas enim possimus temporibus repellat. Dolore ut iure ea quas libero quidem.,17112.64
201,40,MerlotCANCHA,MERLOT ,Eaque sunt nobis optio accusantium nemo. Quam non veniam odio iste.,24298.29
202,40,Cabernet SauvignonVERDE,CABERNET SAUVIGNON ,Odio sit neque at quas. Aperiam at non aliquid. Voluptatibus suscipit sit animi quis sint saepe. Mollitia dolorum corporis tenetur nulla ipsum accusantium.,10359.15
203,40,SyrahCERROS,SYRAH ,Consectetur porro tenetur distinctio iure facere. Consectetur quaerat laborum ipsum laboriosam provident accusantium.,9194.59
204,40,Cabernet FrancBOGAS,CABERNET FRANC ,Distinctio quo earum fugiat. Officiis magnam accusantium alias.,3085.54
205,41,MalbecAL,MALBEC ,Voluptatum velit quos explicabo sapiente culpa at. Delectus voluptates in cumque labore commodi omnis. Autem provident odio quidem dolorem quis ut unde. Aliquid debitis modi ab consequatur.,17020.25
206,41,Petit VerdotPESCADORES,PETIT VERDOT ,Nihil dolores magni reiciendis reprehenderit rerum. Quae eos repudiandae quaerat. Ipsum eveniet ipsa tempora nemo atque ipsa.,23572.2
207,41,MerlotTAJILLO,MERLOT ,Facere expedita voluptas officiis. Assumenda repellendus tenetur voluptate corrupti.,20419.95
208,41,MalbecSANLÚCAR,MALBEC ,Exercitationem assumenda a blanditiis. Reiciendis iure quidem natus. Aut eligendi minus fugiat eius consequuntur inventore vel. Quod harum sapiente magni facere.,20034.78
209,41,TannahESPARRAGAL,TANNAH ,Consequuntur inventore nihil. Consequuntur eligendi sed a quaerat quidem.,21628.34
210,42,BonardaSANTOS,BONARDA ,Dolorem quisquam sequi a quisquam. Rem ducimus in similique.,3005.88
211,42,TannahESPERA,TANNAH ,Temporibus consectetur architecto. Et animi illo reiciendis labore recusandae.,8878.09
212,42,MerlotTRES,MERLOT ,Illo optio dolorum alias fuga quisquam. Velit repudiandae cum architecto.,4637.72
213,42,MalbecLA,MALBEC ,Aliquam accusamus ducimus rem. Adipisci numquam alias commodi soluta. Quia ullam amet accusamus deleniti. Totam fugiat quia iure.,7043.67
214,42,TannahBAHIAS.,TANNAH ,Autem temporibus soluta sunt itaque sunt sapiente. Quisquam non porro nesciunt. Rem sunt quae iure necessitatibus.,12770.38
215,43,TannahDE,TANNAH ,Amet cum incidunt distinctio reprehenderit reprehenderit. Porro ex consequatur architecto laudantium. Praesentium iusto ut at odit temporibus beatae.,9573.08
216,43,Cabernet FrancDE,CABERNET FRANC ,Quo eveniet quod. Soluta quasi asperiores laborum voluptates ducimus veritatis. Veniam quae animi provident reprehenderit nulla. Eos ut dolore.,20855.31
217,43,MalbecPARQUE,MALBEC ,Error aliquam dolores atque ab. Facilis esse vero tempore iusto expedita rerum. Explicabo suscipit mollitia deserunt quisquam.,21215.86
218,43,Cabernet FrancARMAS,CABERNET FRANC ,Neque doloremque iusto quaerat repellat saepe. Reprehenderit natus sapiente eveniet maxime.,16746.14
219,43,Cabernet FrancBATANES,CABERNET FRANC ,Molestiae aspernatur numquam dolore alias quos. Aperiam debitis sit nobis harum optio quo molestias. Fuga enim nesciunt iure dolore fugit expedita. Odio excepturi exercitationem eaque animi est optio.,3893.98
220,44,MerlotDEL,MERLOT ,Nulla fugit delectus accusamus perspiciatis repudiandae nemo occaecati. Aspernatur officiis officia corrupti.,21395.46
221,44,BonardaLANCES,BONARDA ,In voluptate consequatur sed repudiandae ullam. Maxime quo assumenda animi. Eos nesciunt voluptate porro beatae. Aspernatur at modi numquam totam fuga.,14874.66
222,44,Cabernet SauvignonCONCEPCIÓN,CABERNET SAUVIGNON ,Nulla aliquam dicta eos vel aut cum dignissimos. Deserunt aperiam possimus. Error aspernatur dolor facilis.,2632.01
223,44,Cabernet SauvignonANTÓN,CABERNET SAUVIGNON ,Doloremque ex magni tempore earum ad eos. Magni totam tenetur labore laboriosam distinctio. Consequatur dolorum vitae sed quod at.,4419.81
224,44,SyrahMOLINO,SYRAH ,Dolorum fugit et. Magnam libero sunt aspernatur. Ea numquam libero neque tempore veritatis ab. Dolorem et deserunt.,7796.5
225,45,Cabernet SauvignonVIAJERO,CABERNET SAUVIGNON ,Debitis quo quibusdam iure. Corrupti labore eos ea vero fugiat.,11763.56
226,45,TannahTESORILLO,TANNAH ,Ratione aliquam qui. Suscipit atque minus minus eligendi eveniet. Iste excepturi quas animi placeat. Nesciunt corporis atque quasi id.,22424.58
227,45,MerlotDE,MERLOT ,Molestiae laboriosam harum ducimus. Debitis iusto modi aperiam sint debitis cumque.,4269.22
228,45,Cabernet SauvignonALGECIRAS,CABERNET SAUVIGNON ,Error dicta similique officia porro beatae. Facilis quos recusandae tempora facilis corporis rerum.,15457.77
229,45,SyrahJANDA,SYRAH ,Facilis illo recusandae sit. Facilis nostrum optio numquam. Voluptas similique accusantium necessitatibus nobis provident alias.,2609.71
230,46,Cabernet SauvignonALJIBE,CABERNET SAUVIGNON ,Saepe odit excepturi modi veniam qui nisi. Culpa corrupti optio nostrum itaque. Quos veniam iusto minus sed ut non eius.,11632.06
231,46,SyrahLA,SYRAH ,Labore assumenda voluptas nostrum beatae eveniet. Illum debitis laudantium iste consequatur. Quis unde pariatur cupiditate.,16382.32
232,46,BonardaLA,BONARDA ,Nisi voluptate enim tenetur reiciendis quod eos. Id pariatur reprehenderit.,8195.41
233,46,Cabernet FrancGARGANTA,CABERNET FRANC ,Sequi maiores perferendis libero consequuntur neque culpa. Ad minima distinctio necessitatibus repellat maxime nesciunt. Voluptatum odio accusamus maxime omnis rerum distinctio. Magnam itaque illum doloribus amet.,15123.32
234,46,MalbecCALAS,MALBEC ,Possimus qui veritatis. Assumenda eum facere fuga.,24521.71
235,47,TannahHUERTA,TANNAH ,Sequi explicabo est at quo repellendus. Commodi nemo eum repudiandae earum fugiat nobis doloribus.,23246.42
236,47,Petit VerdotPUERTO,PETIT VERDOT ,Iste atque accusantium debitis enim placeat voluptatum cupiditate. Esse culpa nulla inventore. Omnis nulla blanditiis iure voluptatibus ad.,3193.75
237,47,SyrahDEL,SYRAH ,Eum itaque non illum. Repudiandae facere facilis unde sapiente repellendus. Assumenda laboriosam nostrum in cumque dolorum perferendis.,9048.56
238,47,Cabernet FrancMARISMAS,CABERNET FRANC ,Consequuntur optio autem facilis totam. Repellendus deleniti aperiam minus dignissimos doloremque placeat. Esse accusantium rem quo. Blanditiis repellat magnam molestiae.,8783.03
239,47,TannahRIO,TANNAH ,Doloribus exercitationem distinctio soluta consequatur. Itaque labore aperiam architecto.,20352.97
