rid,nombre,descrpicion
0,Tarapacá,Distinctio labore quas. Adipisci distinctio iste.
1,Antofagasta,Quae natus magni corporis. Neque porro nemo fugit alias facilis enim.
2,Atacama,Quod possimus quae ea. Architecto harum labore ex. Odio sapiente iste earum.
3,Coquimbo,Incidunt commodi quos quisquam. Voluptates harum occaecati praesentium ratione. Sunt voluptatem maxime labore dolorem fugit commodi autem.
4,Valparaíso,Voluptatibus magnam fuga est autem. Optio sapiente saepe est quae consectetur quia. Aliquid ea magnam.
5,Libertador General Bernardo O'Higgins,Quaerat provident iure officiis consequatur error dolore. Id quod pariatur labore nesciunt vel reiciendis. Molestiae voluptatum eveniet impedit amet aperiam.
6,Maule,Voluptatibus necessitatibus facilis odio tempora repellat nulla. Nisi delectus consequuntur explicabo.
7,Biobio,Illum consectetur incidunt distinctio quia consequuntur harum. Recusandae modi odit consequatur ipsam et. Quidem hic molestias officiis nihil veniam.
8,Araucanía,Pariatur eligendi minus corrupti. Vitae nobis temporibus nostrum.
9,Los Lagos,Aliquam atque aspernatur in. Suscipit optio doloremque accusantium fugit.
10,Aysén del General Carlos Ibáñez del Campo,Nisi minus neque aperiam enim. Minus ullam est fugiat hic provident natus. Natus cumque repellendus totam similique ab. Harum aut tempore consequatur nisi sit.
11,Magallanes y de la Antártica Chilena,Vitae pariatur cumque incidunt repudiandae. Porro impedit porro aut ex quam voluptas. Ducimus dicta iusto ipsa.
12,Metropolitana de Santiago,Animi ipsum nulla reiciendis repudiandae quos omnis. Repellat neque suscipit sint.
13,Los Ríos,Cumque perferendis doloribus sint.
14,Arica y Parinacota,Repudiandae perspiciatis officia facilis facere velit molestias. Voluptate dolores aut molestiae distinctio laboriosam tempore. Laborum repudiandae sit.
15,Ñuble,Dolore recusandae laudantium laborum repudiandae praesentium eveniet cupiditate. Magnam minus quas. Tempora voluptas doloribus occaecati distinctio quos.
