uid,nombre,nacimiento,correo,nacionalidad
0,Luis Evelio Cortés Rubio,1952-01-23,susana08@gmail.com,KENIANA
1,Rosario Estela Vallejo,1998-09-28,montanezguadalupe@gmail.com,DEL SAHARA
2,Andrea Germán Valverde Melgar,1978-01-22,lindabeltran@yahoo.com,CUBANA
3,Francisca Gracia Alba,2006-04-26,olivarezcristina@hotmail.com,TAILANDESA
4,Salma Alma Castañeda,1955-07-16,gustavobanuelos@gmail.com,MICRONECIA
5,Joaquín Carrero,1994-06-30,uportillo@gmail.com,REINO UNIDO(C. BRIT. DEL EXT.)
6,Sr(a). Helena Matos,1982-03-24,zacarias17@hotmail.com,NAURUANA
7,Modesto Armendáriz,1974-03-01,jonaspantoja@yahoo.com,JAMAIQUINA
8,Esteban Iván Marroquín Apodaca,1957-03-01,lemusesmeralda@yahoo.com,NAMIBIANA
9,Ana María Benito Gastélum,1999-09-04,rojasmauro@gmail.com,NIGERINA
10,Victoria Ernesto Valdivia,1962-08-03,jose-carlos13@gmail.com,GUINEA
11,Luz Báez Archuleta,1990-08-31,mendozahernan@gmail.com,SALVADOREÑA
12,Paulina Patricio Navarro,2008-10-08,cristobalesquibel@hotmail.com,BURUNDESA
13,José Luis Santacruz,1972-07-16,eugeniamaldonado@gmail.com,SOVIETICA UCRANIANA
14,Ing. Fidel Torres,1966-10-14,villegasantonio@yahoo.com,PUERTORRIQUEÑA
15,Ing. Alfonso Quintero,1985-03-16,rosalia08@gmail.com,SOMALI
16,Dr. Miguel Ángel Montez,1971-04-07,augustocuellar@yahoo.com,MALTESA
17,Lucas Rolando Merino,1949-12-08,beatrizperalta@hotmail.com,JAMAIQUINA
18,Francisco César Terrazas,1999-07-12,posadarene@yahoo.com,PANAMEÑA
19,María del Carmen Ferrer,1998-04-29,maria-elenacantu@hotmail.com,BHUTANESA
20,Francisca Camilo Ocasio,1992-07-30,marisol48@gmail.com,MALTESA
21,Humberto Quiñónez Arriaga,1975-12-04,nvargas@yahoo.com,SOVIETICA UCRANIANA
22,Porfirio Oswaldo Navarrete,2002-02-19,nsosa@yahoo.com,MALDIVA
23,Noemí Segovia,1987-10-26,cgalvez@yahoo.com,NAURUANA
24,Sr(a). Roberto Menéndez,1973-01-16,soledad91@yahoo.com,REINO UNIDO(DEPEN. TET. BRIT.)
25,Timoteo Terán,1969-08-15,andressalas@gmail.com,ESLOVENIA
26,Roberto José María Aragón,1999-10-16,epedroza@gmail.com,CAMBOYANA
27,Zeferino Pabón,1955-07-21,alfredo05@yahoo.com,CAMERUNESA
28,Marisol Arroyo Crespo,1952-10-30,julio38@hotmail.com,ZAMBIANA
29,Jaqueline María Elena Monroy,2014-06-27,emilio95@yahoo.com,TURCA
30,José Sara Rael,2008-06-17,rcarbajal@gmail.com,LUXEMBURGUESA
31,Alberto Rafaél Ávalos,2016-10-14,zgrijalva@yahoo.com,LIBANESA
32,Alonso Sisneros Briseño,2003-12-24,sarabiadiana@hotmail.com,MEXICANA
33,Nayeli Posada,1963-04-19,ricardo42@hotmail.com,DE DJIBOUTI
34,Yolanda Zamora,1974-10-13,parraramiro@yahoo.com,TRINITARIA
35,Emiliano Gonzalo Cabán Garrido,2015-04-25,serafin98@gmail.com,CENTRO AFRICANA
36,María Luisa Reyna Casares,1988-02-09,cynthia91@yahoo.com,DE DJIBOUTI
37,Uriel Cornelio Saavedra Olmos,1949-06-14,cristinabaez@gmail.com,MEXICANA
38,Lic. Marisela Chapa,2009-08-27,andresroybal@gmail.com,BRASILEÑA
39,Rebeca Teresa López Díaz,1984-01-20,geronimopadilla@yahoo.com,GUYANESA
40,Magdalena Ávalos Pedroza,2007-02-13,jesus95@yahoo.com,IRAQUI
41,Reina Patricio Valentín,1965-02-19,msierra@hotmail.com,SAMOANA
42,Alonso Nájera Tapia,2002-11-14,del-vallecelia@hotmail.com,PARAGUAYA
43,Ramiro Reynaldo Soliz,1990-04-12,teresaalonso@hotmail.com,SINGAPORENSE
44,Mtro. Carlos López,1977-09-02,dcuriel@gmail.com,NAMIBIANA
45,Benito Reina Aguayo Zepeda,1981-03-21,miramontesteresa@yahoo.com,DE ZIMBAWI
46,Raquel Gastélum Romo,1970-05-15,modestosisneros@gmail.com,SUDAFRICANA
47,Leonardo Dueñas Zamudio,1972-11-16,pedrobecerra@yahoo.com,BOTSWANESA
48,José María Olivia Puente Urbina,2005-03-26,dulce06@hotmail.com,CONGOLESA
49,Diana Malave Gaytán,1980-07-27,esmeralda70@yahoo.com,GRANADINA
50,Elena Peña,1961-11-14,jaimevioleta@yahoo.com,EGIPCIA
51,Débora Aragón Sanabria,2017-11-03,citlaliirizarry@hotmail.com,ETIOPE
52,Cristian Karina Angulo,1992-12-27,julio-cesarpedraza@yahoo.com,HONDUREÑA
53,Ramón Madrigal,1963-08-25,hernandesmonica@gmail.com,SOVIETICA BIELORRUSA
54,Cristal Eloy Berríos Valadez,1980-02-27,veronica85@hotmail.com,MALAWIANA
55,Paulina Josefina Ojeda Feliciano,1958-07-01,liliana61@gmail.com,CHINA
56,Frida Palacios Fajardo,1979-02-18,cmarquez@yahoo.com,NIGERINA
57,Esparta López Espino,1952-12-08,noemimontanez@yahoo.com,BELICEÑA
58,Felix Rosalia Carrero Salcido,1999-02-28,peresclemente@hotmail.com,FRANCESA
59,Vanesa Guillermo Villareal Casárez,1960-10-06,rafael02@gmail.com,PANAMEÑA
60,Catalina Dolores Perales Franco,1988-01-23,catalinacastillo@hotmail.com,IRAQUI
61,Yolanda Yeni Escalante Gallegos,1992-03-17,dalvarez@hotmail.com,ESLOVAQUIA
62,Adalberto Martha Batista Ramírez,1954-10-06,cristinaarguello@hotmail.com,MICRONECIA
63,Leonardo Alva Anaya,2000-01-17,maria-eugenia37@yahoo.com,DOMINICANA
64,Francisca Natividad Torres,1958-01-26,moyaliliana@yahoo.com,GRANADINA
65,Mtro. Hugo Hurtado,1976-06-17,jose-emilio51@yahoo.com,PARAGUAYA
66,Vicente Villareal Valdés,2013-01-06,nurias@gmail.com,HOLANDESA
67,Dolores Cristian Flórez Cintrón,2014-08-26,rufinomoya@gmail.com,SUIZA
68,Mtro. Fernando Carvajal,1975-03-25,saucedoabelardo@gmail.com,LUXEMBURGUESA
69,Cristal Genaro Camacho,1954-08-29,alejandrajuarez@hotmail.com,KUWAITI
70,Luis Serafín Menéndez,1996-06-05,zde-leon@yahoo.com,LESOTHENSE
71,Perla Silvia Salgado,1970-02-02,lorena33@yahoo.com,GRIEGA
72,Eloisa Armendáriz Tirado,2005-11-24,armendarizfelipe@yahoo.com,LIECHTENSTENSE
73,Gilberto Lucía Gollum Tejeda,1989-09-15,lovatoomar@gmail.com,GRANADINA
74,Ana Luisa Pedraza,2013-04-04,rodolfovazquez@yahoo.com,GAMBIANA
75,Rolando Juárez,1970-05-18,cristina79@yahoo.com,DE CABO VERDE
76,Cornelio Caldera Casares,1972-06-08,elviragaray@hotmail.com,ESTADOUNIDENSE
77,Pablo Indira Paz,1967-02-23,corderodavid@hotmail.com,TOGOLESA
78,Laura Gabriel Tejada,2004-12-14,solizclemente@yahoo.com,NIGERIANA
79,Diana Sergio Leiva,1986-02-15,lpreciado@hotmail.com,BELICEÑA
80,Carlos Jaime Villaseñor Alcántar,1948-05-07,jassobernardo@hotmail.com,FRANCESA
81,Mtro. Eva Montero,1971-10-03,jromero@gmail.com,YEMENI
82,Renato Tovar Sisneros,1984-03-31,marroquinisaac@hotmail.com,TURCA
83,Débora Óliver Valverde Lira,1983-05-06,lespinal@gmail.com,CUBANA
84,Karina Francisca Tijerina Salazar,1997-09-17,oquinonez@hotmail.com,MEXICANA
85,Judith de la Fuente Quiroz,2016-09-08,ignaciomendoza@gmail.com,AUSTRALIANA
86,Espartaco Alejandro de Jesús,1949-03-12,tijerinacynthia@gmail.com,ISLANDESA
87,Gerardo Maya,1990-05-27,cedillocitlali@gmail.com,SAN MARINENSE
88,Leonardo González,1953-04-16,enriqueherrera@yahoo.com,SUIZA
89,Sr(a). Raquel Amador,1967-06-02,ruby02@yahoo.com,COMORENSE
90,Hernán Narváez Treviño,1964-04-18,margarita21@yahoo.com,SUDCOREANA
91,Diana Soto Vaca,1980-02-15,concepcionponce@gmail.com,CENTRO AFRICANA
92,Daniel Tapia Porras,1971-10-18,magdalenaroque@yahoo.com,NEPALESA
93,Juana Antonia Cavazos,2006-09-27,rmelgar@hotmail.com,SWAZI
94,Alfonso Figueroa Colunga,2016-04-30,camiloloya@gmail.com,GUINEA
95,Francisco Javier Curiel Irizarry,2019-01-16,benjaminguerra@gmail.com,"MOLDOVIA, REPUBLICA DE"
96,Sr(a). Asunción Rivero,2006-03-28,indira84@hotmail.com,BRASILEÑA
97,Leonel Rocha,2003-04-12,arellanocaridad@yahoo.com,AUSTRIACA
98,Teresa Niño Solano,1990-11-15,wfonseca@hotmail.com,EGIPCIA
99,Berta Abigail Cavazos,1974-04-09,arguellojose-eduardo@hotmail.com,TAILANDESA
100,Lic. Irene Soria,1983-06-06,armascamilo@yahoo.com,FINLANDESA
101,Ruby Madrid,1986-06-11,malavesilvano@gmail.com,ITALIANA
102,Ing. Eric Montaño,1997-06-14,jose-luisluna@gmail.com,ANGOLESA
103,Sr(a). Ivonne Carbajal,2005-12-12,tpaz@hotmail.com,DE BAHREIN
104,Mercedes Alonso Zúñiga Páez,1996-05-16,natividad58@yahoo.com,PANAMEÑA
105,Federico Camarillo Burgos,1950-06-16,clucio@yahoo.com,SALOMONESA
106,Alonso María José Ibarra Perales,1960-01-15,francisca09@yahoo.com,GUINEA ECUATORIANA
107,Dr. Wilfrido Carreón,1971-01-06,lindaborrego@hotmail.com,ISLANDESA
108,Cristian Teodoro Zayas,1955-10-07,minerva36@hotmail.com,AUSTRALIANA
109,Mtro. Abril Orozco,1949-01-07,ramiro82@hotmail.com,SUIZA
110,Dr. Mercedes Gracia,1950-01-23,albaalonso@hotmail.com,CAMERUNESA
111,Gregorio Leonor Sanabria Toledo,2018-11-12,renato17@hotmail.com,TANZANIANA
112,Francisco Javier Marco Antonio Galarza Pelayo,1987-07-24,abelsevilla@gmail.com,SUDCOREANA
113,Susana Aguayo Bétancourt,1960-08-15,pinedaguadalupe@gmail.com,DOMINICANA
114,Alejandro Violeta Nava Farías,1978-05-15,francisco-javieranguiano@hotmail.com,CHINA
115,Lic. Virginia Calderón,1954-11-20,vcolunga@yahoo.com,MACEDONIA
116,Lic. Rosa Vélez,1969-10-06,julia80@hotmail.com,DOMINICANA
117,Sr(a). Rebeca Arce,1957-04-29,matosroberto@yahoo.com,DE ZIMBAWI
118,Flavio Granado Molina,1981-11-18,xochoa@gmail.com,REINO UNIDO(DEPEN. TET. BRIT.)
119,Luisa Carrero,1996-04-13,socorro85@yahoo.com,TOGOLESA
120,Dr. Luz Garibay,1979-08-29,olverajuana@hotmail.com,LAOSIANA
121,Gerónimo Cuellar,2010-11-16,tcedillo@yahoo.com,CENTRO AFRICANA
122,Sr(a). Karla Marroquín,2016-10-04,avalospilar@hotmail.com,AUSTRIACA
123,Ernesto Violeta Nazario Alcántar,1968-10-12,gerardo14@hotmail.com,GAMBIANA
124,Sr(a). Sonia Gracia,2016-02-20,puentejorge@yahoo.com,KENIANA
125,Ing. María Eugenia Medina,1973-01-14,sandovalgeorgina@hotmail.com,GRANADINA
126,Ing. Luz Mojica,1974-11-29,benjaminaleman@gmail.com,MARROQUI
127,Mtro. Elias Monroy,2016-02-24,mariselamedrano@gmail.com,DE CABO VERDE
128,Carla Solorio,1991-05-30,pascual04@yahoo.com,MAURICIANA
129,Lic. Anabel Ochoa,1993-02-03,duenaskarina@hotmail.com,ESLOVAQUIA
130,Úrsula Olmos,1986-05-24,reynaldoespinal@hotmail.com,GUYANESA
131,Sonia Terán Carreón,1958-06-03,davidjimenez@gmail.com,SIERRA LEONESA
132,Ing. Mauricio Gaona,2016-10-19,alejandro45@gmail.com,PAKISTANI
133,Eric Jurado Ibarra,1966-08-31,lorenaabrego@yahoo.com,ESTADOUNIDENSE
134,Yolanda Zapata Ochoa,1957-03-09,qsanchez@gmail.com,CANADIENSE
135,Sonia Aguirre,1948-09-25,ngalarza@hotmail.com,GHANATA
136,Vicente Vigil Cardona,2009-07-23,galcaraz@yahoo.com,BIRMANA
137,Mario Úrsula Salinas Zúñiga,1948-09-02,lgaray@gmail.com,RUMANA
138,Silvano Arias Dueñas,1966-11-30,leticiaheredia@gmail.com,SAN MARINENSE
139,Jorge Burgos Maestas,2009-04-11,fridatirado@yahoo.com,GRIEGA
140,Eloisa Lucía Garrido,1979-02-25,almaapodaca@gmail.com,ISRAELI
141,César Salma Ceballos Calderón,1988-07-17,leticia48@hotmail.com,SOMALI
142,Catalina Montero,2004-12-16,nadame@yahoo.com,UGANDESA
143,Mariano Carmona Carreón,1981-05-13,yolanda31@hotmail.com,OMANESA
144,Catalina Claudio Díaz Farías,1977-02-24,emiliacordero@hotmail.com,TURCA
145,Sara Rico Ayala,1978-12-24,walfaro@yahoo.com,PANAMEÑA
146,Rafaél Alvarado Candelaria,1962-12-15,amanda37@yahoo.com,KUWAITI
147,Dr. Elisa Navarro,2010-06-10,rresendez@hotmail.com,TAIWANESA
148,Angélica Luis Miguel Alejandro Ulibarri,1963-06-23,dapodaca@gmail.com,CHILENA
149,Berta Bañuelos Peres,1962-09-17,malonso@hotmail.com,DANESA
150,Mtro. Hilda Morales,2003-05-22,maximilianovillagomez@gmail.com,DE CABO VERDE
151,Cristian Benito Carrera,1997-01-03,yuridia54@yahoo.com,YUGOSLAVA
152,Sr(a). Emilia Valladares,1952-07-15,juanacaraballo@hotmail.com,ISRAELI
153,Lic. Silvano Villaseñor,2008-08-25,saldivardolores@yahoo.com,DEL QATAR
154,María Cristina Arteaga Puga,1976-03-27,salcidocesar@gmail.com,URUGUAYA
155,Clemente Garay,2007-03-13,olga60@gmail.com,BRITANICA
156,Leonor Ramón,2004-04-12,marisol25@gmail.com,BOLIVIANA
157,Ing. Laura Guevara,2004-05-22,genaro39@hotmail.com,JAPONESA
158,Mercedes Rosales Munguía,1987-07-21,jaramillofidel@hotmail.com,GUINEA ECUATORIANA
159,Socorro Suárez Navarrete,1981-02-16,gabrielaposada@yahoo.com,MAURICIANA
160,Beatriz Raúl Garibay Escobar,1973-10-01,llamascelia@gmail.com,CHECOSLOVACA
161,Natalia Inés Salgado,1959-06-03,felipe19@hotmail.com,MALDIVA
162,Dr. Olga Domínguez,1983-08-10,adamehector@yahoo.com,NEPALESA
163,Rosalia Ruby Lemus,1979-03-11,martinde-la-fuente@yahoo.com,NORUEGA
164,María Cristina Marco Antonio Cortez Vélez,2008-10-24,raquel87@gmail.com,NICARAGUENSE
249,Karla Crespo Cisneros,1951-12-31,pmontes@gmail.com,AUSTRALIANA
165,Wilfrido Armando Casas Mascareñas,1991-06-07,margaritacandelaria@gmail.com,BRITANICA
166,Rosalia Julio Peña Villalpando,1983-05-10,crodriquez@gmail.com,ARGELIANA
167,Minerva Agustín Saiz Saucedo,1960-04-22,abraham23@gmail.com,AMERICANA
168,Ángel Leonor Jaimes de Jesús,1986-07-17,itzelmiranda@gmail.com,MARROQUI
169,Juana Cervántez Loya,1973-02-05,angelica96@gmail.com,GAMBIANA
170,Helena Parra Bermúdez,1985-12-26,zmaldonado@gmail.com,ESPAÑOLA
171,Gerardo Valle Bravo,1981-01-15,teresa19@gmail.com,NAURUANA
172,Diana Leonel Osorio,2011-01-24,jaleman@hotmail.com,ESTONIA
173,Adalberto Mascareñas,2012-01-04,regaladogonzalo@hotmail.com,BRITANICA
174,Israel Fajardo Dávila,1999-02-21,arceliafierro@yahoo.com,DOMINICANA
175,Juan Cepeda Quiñónez,1991-10-31,lebronalfredo@yahoo.com,SOMALI
176,Sr(a). Sara Olmos,2011-04-02,fidelguerrero@gmail.com,CHADIANA
177,Leonel Óliver Olvera,1969-06-11,ubenavides@yahoo.com,COMORENSE
178,Anel Octavio Salcido,1990-11-29,arredondojos@yahoo.com,ESPAÑOLA
179,Ing. Nayeli Mena,1961-03-12,genarolaureano@hotmail.com,BRITANICA
180,Josefina Orozco Ulloa,1978-04-15,sandra90@hotmail.com,LIBANESA
181,Sr(a). Arcelia Peralta,1955-12-24,luciomarisol@hotmail.com,DANESA
182,Claudio Aida Treviño,1959-05-02,ofelia41@gmail.com,MONEGASCA
183,Vanesa Puga Salinas,2007-05-29,berriosluis-miguel@hotmail.com,SIERRA LEONESA
184,Violeta Rufino Roldán Montemayor,1975-07-21,nparedes@hotmail.com,BHUTANESA
185,Iván Berta Méndez,1983-08-09,benavidezjose@gmail.com,ALBANESA
186,Clemente Medina,1983-10-20,holguinmercedes@gmail.com,CANADIENSE
187,Lic. Jacobo Coronado,2008-09-11,flavio42@yahoo.com,MALTESA
188,Pilar Delia Bañuelos Espinal,1975-03-28,carreonzeferino@hotmail.com,SANTA LUCIENSE
189,Marisol Silvia Menchaca Villanueva,1989-09-01,blancoarmando@hotmail.com,CENTRO AFRICANA
190,Lic. Ana María Lucio,1959-10-10,horacio00@hotmail.com,SUIZA
191,Sr(a). Ilse Villa,1995-12-29,liliana73@hotmail.com,LUXEMBURGUESA
192,Olivia Chávez,1974-03-11,luis-manuellaureano@hotmail.com,ISRAELI
193,René Verónica Urrutia,1951-05-13,bolvera@yahoo.com,BOLIVIANA
194,Judith Nadia Palacios Elizondo,2002-09-09,corneliogodoy@hotmail.com,PORTUGUESA
195,Verónica Gaona,1956-09-01,maria-teresa93@hotmail.com,INDONESA
196,Liliana Méndez Montañez,1982-02-12,rene45@hotmail.com,MAURITANA
197,Yuridia Gastélum Orozco,1993-03-29,yvalencia@gmail.com,CUBANA
198,Lic. Vanesa Mercado,1975-05-06,armandosoliz@gmail.com,HOLANDESA
199,Marisol Salcedo,1967-06-08,gaitanzacarias@gmail.com,CANADIENSE
200,Zeferino María José Valencia Contreras,1953-12-01,alcantargerardo@hotmail.com,COSTARRICENSE
201,Elvira Narváez,1988-06-06,harteaga@gmail.com,MICRONECIA
202,Oswaldo Estefanía Espinal Mondragón,1974-02-03,abigailontiveros@gmail.com,SUIZA
203,Lic. José Emilio Gallegos,1973-03-09,samuelnavarro@hotmail.com,HAITIANA
204,Isabela Barraza Castellanos,1957-09-23,rubencasillas@yahoo.com,CHIPRIOTA
205,Cornelio Mota Lira,1991-07-25,abelardoaleman@hotmail.com,GHANATA
206,Paulina Elvira Flores Aragón,1950-11-19,angelcastro@yahoo.com,GUINEA ECUATORIANA
207,Diana Romero,2002-04-26,ricardogonzales@gmail.com,ANGOLESA
208,Fabiola Marcos Segura Zedillo,1997-06-08,valenzuelasoledad@hotmail.com,GHANATA
209,Dr. René Camarillo,2000-02-26,bernabe83@yahoo.com,DOMINICA
210,Lic. Jerónimo Barrios,2011-05-28,zanaya@hotmail.com,ANGOLESA
211,Rodrigo Villalpando,1982-07-12,poncenatividad@yahoo.com,BIRMANA
212,José Manuél Claudio Serrato Casanova,1974-05-03,pradoandrea@yahoo.com,NEPALESA
213,Juan Carlos Bravo Zedillo,1961-09-19,uribeperla@hotmail.com,ESLOVACA
214,Reina Ramón,2002-06-29,patinomiguel-angel@hotmail.com,LESOTHENSE
215,Nancy Rael,1980-03-02,nsalazar@yahoo.com,DOMINICANA
216,Natalia Mateo Cadena,1987-03-04,prietoroberto@gmail.com,AMERICANA
217,Lic. Tania Casillas,1952-06-29,emilio71@gmail.com,REINO UNIDO(C. BRIT. DEL EXT.)
218,Clara Raquel Espinoza,1963-10-31,aldonzamena@gmail.com,SUIZA
219,María Luisa Rodarte,1977-11-08,mayorgalucas@yahoo.com,DANESA
220,Mauricio Alma Casas,1969-03-05,nde-la-fuente@yahoo.com,RUMANA
221,Carlos Llamas Colunga,1997-10-10,mariselaurias@gmail.com,HINDU
222,Mtro. Fidel Garrido,1981-10-09,auroraurrutia@yahoo.com,COMORENSE
223,Aurora Gregorio Gómez,1954-05-11,omar90@gmail.com,SUECA
224,Ana Araceli Meléndez,1998-11-27,luz90@hotmail.com,BRITANICA
225,Ing. Esteban Rocha,1956-04-05,renepantoja@yahoo.com,GABONESA
226,Juana Gilberto Cardenas Salcido,1990-09-17,cynthia90@hotmail.com,SUDAFRICANA
227,Lic. Antonia Solano,1991-07-29,marcela54@gmail.com,CHADIANA
228,Ramón Wilfrido Serrano Ocampo,1984-11-18,qcarrera@yahoo.com,SUDAFRICANA
229,Joaquín Patiño,1971-03-31,esmeraldaortiz@hotmail.com,SUECA
230,Dr. Tania Flores,1967-12-24,almaarredondo@yahoo.com,CANADIENSE
231,Emilia Alejandro Zelaya,1982-03-24,hugo93@yahoo.com,BURKINA FASO
232,Anel Trinidad Mayorga Mota,2018-01-18,srodriguez@hotmail.com,ARGENTINA
233,Lucía Cristina Gallardo Urrutia,1999-04-11,octaviomunoz@yahoo.com,MICRONECIA
234,Salma Llamas,1957-12-26,vsaavedra@yahoo.com,AUSTRIACA
235,Benito Dulce Carrera,1962-10-16,maragon@hotmail.com,GABONESA
236,Julia Roque Valverde,1957-02-14,gmaestas@yahoo.com,LAOSIANA
237,Karla César Gómez,1970-09-15,rhenriquez@yahoo.com,REINO UNIDO
238,Ing. Linda Muñoz,1973-07-21,aarce@gmail.com,BOLIVIANA
239,Santiago Perea,1987-07-25,sergiovillasenor@yahoo.com,CHILENA
240,Lourdes Serna Lucero,1984-07-22,maria-luisa99@yahoo.com,CONGOLESA
241,José Carlos Guevara Olivárez,1954-06-18,rmontenegro@hotmail.com,CHILENA
242,Ángel Chapa Mercado,1991-08-21,solanomarisol@gmail.com,SOVIETICA UCRANIANA
243,Dr. Florencia Amaya,1995-08-29,pradosalvador@hotmail.com,JORDANA
244,Ivonne Elvia Lucio Ruiz,1963-02-13,ariaselias@gmail.com,LIBIA
245,Paola Elvia Razo Santana,1984-03-05,espinalandrea@yahoo.com,DE ZIMBAWI
246,Pablo Elizondo,1964-04-18,barbara58@gmail.com,PAKISTANI
247,Aida Palomo,1978-03-08,veronicafernandez@yahoo.com,RWANDESA
248,Berta Cristal Villanueva,1950-05-23,mbadillo@hotmail.com,HINDU
250,Natividad Luisa Tapia,1983-03-15,aidamontes@hotmail.com,SANTA LUCIENSE
251,Frida Córdova,2018-10-06,trubio@gmail.com,RWANDESA
252,Pilar Germán Limón,1956-11-10,augusto26@hotmail.com,FRANCESA
253,Isabel Sevilla,1999-10-07,mayala@yahoo.com,CANADIENSE
254,Wilfrido Concepción Alba,1975-11-29,elerma@gmail.com,TURCA
255,Zoé Ballesteros Trujillo,1962-07-31,angelaarreola@hotmail.com,SALVADOREÑA
256,Wilfrido Amador Romero,1985-06-18,ymateo@yahoo.com,"MOLDOVIA, REPUBLICA DE"
257,Rosalia Castellanos Flores,1963-04-08,vurrutia@gmail.com,FINLANDESA
258,Eric Darío Luna,2014-07-01,nmunoz@hotmail.com,GHANATA
259,Nancy Barrios Urías,1953-08-06,franciscosepulveda@gmail.com,YEMENI
260,Mario Silvia Casanova,1957-11-02,elvia58@hotmail.com,OMANESA
261,Georgina Almaraz,1971-11-28,zportillo@gmail.com,SUIZA
262,Abraham Mercedes Colunga,1951-07-23,olga65@hotmail.com,LUXEMBURGUESA
263,Timoteo Alonso Leiva,2008-10-28,qnarvaez@gmail.com,SOVIETICA UCRANIANA
264,Cornelio Jaramillo,1978-02-18,ialvarado@yahoo.com,SAMOANA
265,Humberto Georgina Medina Saldivar,1983-02-17,eduardo43@gmail.com,LITUANIA 
266,Emilia Bernardo Acosta Anaya,1963-02-04,pablovillegas@gmail.com,ESTONIA
267,Juan Esperanza Villareal,1956-02-17,mirelesjose-luis@gmail.com,GUINEA ECUATORIANA
268,Luis Pedraza Montes,1982-02-10,sanchesursula@hotmail.com,GUYANESA
269,Olga Adela Godoy Miranda,1952-06-04,tgallegos@hotmail.com,CHIPRIOTA
270,Marisol Negrete Valdez,1969-08-01,ztamayo@hotmail.com,KENIANA
271,Rolando Rosado,1969-04-20,bernabeorosco@yahoo.com,GHANATA
272,Emiliano Corona Tamez,1970-08-30,cintrongerman@gmail.com,CHECOSLOVACA
273,Héctor Gamboa,1963-09-09,delgadohilda@yahoo.com,MALAWIANA
274,Dr. Silvia Sepúlveda,1989-11-11,eloisamarroquin@hotmail.com,JAPONESA
275,Jos Espino Orta,1986-11-06,ignaciotovar@hotmail.com,SUDCOREANA
276,Lorena Villalobos Aguilera,1961-03-12,jorge75@yahoo.com,TAILANDESA
277,Antonia Rufino Córdova,1953-04-28,amateo@gmail.com,GHANATA
278,Abelardo Rolando Arellano,1951-03-05,ynino@yahoo.com,NAURUANA
279,Teresa José Carlos Macías Sisneros,2012-03-29,elena23@yahoo.com,HOLANDESA
280,Josefina Canales Tapia,1977-09-30,carolinaheredia@gmail.com,FILIPINA
281,Genaro Rangel,2007-01-09,marcosguajardo@gmail.com,LUXEMBURGUESA
282,Roberto María Eugenia Viera Barajas,2017-11-12,huertanayeli@gmail.com,"MOLDOVIA, REPUBLICA DE"
283,Lic. Jorge Cintrón,1984-01-05,lgil@gmail.com,MARFILEÑA
284,Mtro. Julio César Urrutia,2006-10-14,raeljacobo@gmail.com,TRINITARIA
285,Débora Casares,1951-09-05,patriciamata@gmail.com,GUINEA
286,Perla Aurora Riojas Barrera,1955-02-23,yuridiaaponte@gmail.com,CHILENA
287,Susana Espino Madrigal,1968-09-13,csoliz@gmail.com,CHINA
288,José Manuél Caballero,2005-06-08,estelasevilla@hotmail.com,CHILENA
289,Rufino Anel Briones,1998-02-05,porfiriobustos@hotmail.com,DE ZIMBAWI
290,Dr. Gloria Farías,1988-01-23,hurtadoamanda@gmail.com,FINLANDESA
291,Beatriz Menchaca Nieto,2009-08-15,adan77@hotmail.com,KENIANA
292,Lucía Mariano Lara,2006-03-31,cynthia87@yahoo.com,DE CABO VERDE
293,Patricia Leyva,1978-09-05,elisavaladez@yahoo.com,GRANADINA
294,Dr. Nayeli Nava,1964-08-20,ortaelsa@hotmail.com,DOMINICA
295,Paola Luisa Barreto Gil,1958-09-17,maria-teresa46@gmail.com,TAIWANESA
296,Aurora Rosa Martínez Moya,2016-01-14,rde-jesus@gmail.com,LITUANIA 
297,Mtro. César Hernádez,1950-04-21,lalba@yahoo.com,YUGOSLAVA
298,María Cristina Aurora Pacheco,1990-10-25,medranowilfrido@yahoo.com,BRITANICA
299,Mtro. Mayte Jimínez,1979-10-22,utellez@yahoo.com,RWANDESA
300,Reina Leonel Valle,1993-09-02,maytealfaro@hotmail.com,SAN MARINENSE
301,Abelardo Natalia Orozco,1993-05-11,qalvarado@hotmail.com,CHECOSLOVACA
302,Anel Romero,1964-11-30,salvador15@hotmail.com,EGIPCIA
303,Paola Orta Rico,2008-07-16,ujiminez@yahoo.com,REINO UNIDO
304,Ernesto Sara Noriega,1977-04-20,obueno@gmail.com,HUNGARA
305,Emilia Victoria Zayas Muñiz,1994-01-04,rufino63@hotmail.com,DE CABO VERDE
306,Cecilia José Luis Paredes,1974-05-24,soledadibarra@yahoo.com,HONDUREÑA
307,Amanda de la Fuente Salinas,1987-08-26,timoteo39@yahoo.com,"MOLDOVIA, REPUBLICA DE"
308,Ing. Roberto de León,2012-02-21,fsalcedo@hotmail.com,JAMAIQUINA
309,Benjamín Gabriela Gamez Palomo,1964-01-21,acunajacobo@yahoo.com,DANESA
310,María Cristina Rascón,1951-06-25,bleyva@hotmail.com,GUINEA ECUATORIANA
311,Sara Daniela Puente,1990-01-31,linda18@gmail.com,TOGOLESA
312,Blanca Carmona Mendoza,2003-12-04,leonorbetancourt@yahoo.com,MARROQUI
313,Carlota Escobedo Moreno,1950-07-27,yenialcaraz@gmail.com,KIRGUISTAN
314,Lucas Alvaro Toro,1972-10-05,kalvarez@gmail.com,BRITANICA
315,Diego Débora Ramos Angulo,1959-08-22,abel39@hotmail.com,TURCA
316,Francisco Adalberto Rosado,1968-02-02,vbahena@yahoo.com,FRANCESA
317,Humberto Rolón,1963-10-14,antonioserna@gmail.com,SUIZA
318,Jerónimo Joaquín Ríos,1952-07-22,sofia60@yahoo.com,NORUEGA
319,Lucía Héctor Cardenas Esparza,1970-05-31,nataliamontoya@gmail.com,CAMBOYANA
320,Alberto Patiño,1951-06-10,crocha@gmail.com,IRAQUI
321,Iván Armando Mercado,2019-02-24,zmeraz@gmail.com,PANAMEÑA
322,Tomás Fabiola Mata,1978-09-18,vgarza@hotmail.com,LIBERIANA
323,Guillermo Sierra,2004-02-12,jleyva@gmail.com,INDONESA
324,Óscar Nayeli Arreola,1985-07-04,juancarmona@gmail.com,NORVIETNAMITA
325,Gabriel Maldonado Raya,1978-10-16,jaqueline84@hotmail.com,IRAQUI
326,Mercedes Camilo Tapia Aguirre,1993-08-28,bahenagraciela@yahoo.com,DE CABO VERDE
327,Lic. Raúl Lemus,1981-08-18,tmontemayor@yahoo.com,GUINEA
328,Serafín Antonia Salcedo de la Torre,1955-03-19,guardadoreynaldo@yahoo.com,NIGERIANA
329,Dr. Arturo Gracia,1950-08-12,osoriogilberto@hotmail.com,NORCOREANA
330,Sofía Saucedo Peralta,2000-03-21,luz43@yahoo.com,ESTADOUNIDENSE
331,Estela Teodoro Gastélum,1982-11-20,ramoscynthia@yahoo.com,MONGOLESA
332,Alma Verdugo Medrano,2004-07-20,parreola@yahoo.com,GABONESA
333,Eric Carvajal,2005-01-25,julio-cesarpina@gmail.com,BIRMANA
334,José Emilio Ricardo Ramos,1961-02-15,jabreu@gmail.com,BOLIVIANA
335,Dr. Gerónimo Lucero,2008-02-23,lealsofia@hotmail.com,JAMAIQUINA
336,Isaac Coronado,1967-12-19,brisenoisaac@yahoo.com,GRANADINA
337,Fidel Madrid,2017-07-11,nicolassalcido@gmail.com,NAMIBIANA
338,José Carlos Saavedra Ybarra,1953-07-08,cedilloangela@yahoo.com,LIBERIANA
339,Homero Leonel Gastélum Rendón,1974-03-02,mercedesmeraz@yahoo.com,CAMERUNESA
340,Judith Rodríguez Gutiérrez,1962-05-28,kguerrero@yahoo.com,URUGUAYA
341,Indira González,1998-09-18,perescarlota@yahoo.com,PANAMEÑA
342,Marcela Magaña Estévez,1966-08-15,xsaldivar@gmail.com,DOMINICANA
343,Gerardo Modesto Santana,1952-07-23,ramirezcynthia@yahoo.com,CHILENA
344,Cristal Miguel Salcedo Sosa,1969-03-26,dalia64@yahoo.com,DE SEYCHELLES
345,Ángela Elsa Grijalva Báez,1963-09-02,lourdes94@gmail.com,SANTA LUCIENSE
346,Óscar Cordero Cruz,1967-05-02,dlemus@yahoo.com,SOMALI
347,Ing. Abel Montes,1977-11-14,arreolamaria-eugenia@gmail.com,PAKISTANI
348,Isabela Violeta Espino,2006-11-28,victorianegron@gmail.com,SOMALI
349,Eric Pablo Collazo,2011-07-19,rreyes@gmail.com,SUECA
350,Sr(a). Yuridia Vega,1975-09-06,paredesmauro@gmail.com,DANESA
351,Caridad Dalia Bermúdez Rolón,1962-01-13,aurora44@gmail.com,LIBANESA
352,Julia Guillen,1974-01-06,tania28@yahoo.com,MALDIVA
353,Vicente Esperanza Sarabia,1971-08-15,gbetancourt@yahoo.com,GUINEA ECUATORIANA
354,Trinidad de la Torre Centeno,1963-04-10,cardenassusana@gmail.com,SENEGALESA
355,Lic. María Eugenia Vega,1969-02-23,mauroverdugo@gmail.com,MOZAMBIQUEÑA
356,Elvira Galván,1985-11-25,monicasolorzano@hotmail.com,HINDU
357,Gregorio Huerta Riojas,1954-12-10,gollummonica@gmail.com,SIERRA LEONESA
358,Anabel Luis Miguel Menchaca Frías,1982-02-11,ogalvan@yahoo.com,MACEDONIA
359,María Cristina Palomino,1997-01-04,jaquelinepena@gmail.com,ESLOVACA
360,José Eduardo Razo Alvarado,1949-10-09,soloriofidel@yahoo.com,HAITIANA
361,José Emilio Arevalo Berríos,1978-04-09,guillermina74@gmail.com,DOMINICANA
362,Dr. René Sandoval,1967-06-02,perla05@yahoo.com,SAN MARINENSE
363,Alonso Tamez,1988-11-08,humbertoarguello@hotmail.com,LAOSIANA
364,Vicente Briones,2002-08-06,paeznancy@hotmail.com,JORDANA
365,Tania Anabel Serrato,1979-01-25,taniajuarez@hotmail.com,ESPAÑOLA
366,Carmen Beatriz Bahena Menchaca,2012-01-04,iroque@gmail.com,URUGUAYA
367,Andrés Rivas Arellano,1952-08-30,carlos64@hotmail.com,DE SEYCHELLES
368,Noelia Peres,1977-08-21,adamejos@gmail.com,TAILANDESA
369,Fernando Manzanares,2009-04-27,alfredomanzanares@gmail.com,FIJIANA
370,Timoteo Negrón Aguayo,2001-04-17,jose-emiliotrejo@gmail.com,GUINEA
371,Asunción Ulloa,1958-06-06,fabiola11@gmail.com,REINO UNIDO(DEPEN. TET. BRIT.)
372,Karina Estrada,1998-12-29,velizflorencia@gmail.com,GUINEA
373,Timoteo Montoya Pantoja,1982-10-20,blancomaria-luisa@gmail.com,REINO UNIDO(BRIT. DEL EXT.)
374,Lucas Haro Heredia,1967-09-18,lorenabarrientos@hotmail.com,INDONESA
375,Diana Augusto Chacón,2011-10-04,ecardenas@yahoo.com,CHECOSLOVACA
376,Anabel Gabino Calvillo Calvillo,2011-10-29,angela16@hotmail.com,CAMBOYANA
377,Wilfrido Víctor Santillán,2008-06-08,rodrigezruby@hotmail.com,ESLOVAQUIA
378,Liliana Melgar,1957-02-22,xmontenegro@gmail.com,ETIOPE
379,Eva Ramiro Godínez Viera,1956-11-28,lermaoliver@gmail.com,PORTUGUESA
380,Sr(a). Bianca Salinas,1989-09-19,tomas02@yahoo.com,GRANADINA
381,Rodrigo González,1989-07-01,lguerra@gmail.com,KIRGUISTAN
382,Bernardo Niño,1974-01-09,velazquezsara@hotmail.com,INDONESA
383,Ilse Riojas,1994-06-20,minerva33@hotmail.com,GUINEA ECUATORIANA
384,Itzel Violeta Quezada de la Crúz,1999-11-07,manuel52@yahoo.com,CANADIENSE
385,Mtro. Hermelinda Carmona,1949-07-12,juribe@yahoo.com,MALASIA
386,Eugenio Inés Serrano,1954-06-13,adalbertoguardado@yahoo.com,DEL SAHARA
387,Carlota Solorio,1956-08-13,david45@gmail.com,MONEGASCA
388,Lilia Rojas,1967-12-08,qcarrera@yahoo.com,URUGUAYA
389,Carlota Guillermo Chapa Ulibarri,1979-10-22,eugenio85@hotmail.com,COSTARRICENSE
390,Lic. Cornelio Hernández,1983-01-01,grivera@gmail.com,ALEMANA
391,Dr. Alicia Lucero,1982-05-16,espinosaadalberto@yahoo.com,COMORENSE
392,Pilar Alonso,2007-09-20,kalmaraz@gmail.com,CHADIANA
393,Mariana Silvano Robles,1999-09-22,yprieto@gmail.com,DE CABO VERDE
394,Ing. Claudia Escobar,1952-06-22,miriamguillen@hotmail.com,DE BARBADOS
395,Rosario Rendón,2015-11-03,micaelacano@hotmail.com,MALIENSE
396,Esperanza Jos Verduzco,1986-04-05,porrasmaria@gmail.com,ARGENTINA
397,Esteban Botello Mares,1996-10-13,leonelheredia@gmail.com,FINLANDESA
398,José Emilia Sandoval Bahena,1971-11-29,maderaisabel@yahoo.com,NORVIETNAMITA
399,Elvira Catalina Olmos,1978-04-25,ibarajas@hotmail.com,RWANDESA
400,Salma Agustín Ocampo,1980-02-13,jaqueline04@hotmail.com,CHILENA
401,Mauro Carmona,1964-06-30,corderoleticia@gmail.com,REINO UNIDO
402,Javier Óscar Rentería,2006-05-01,dvalles@yahoo.com,"MOLDOVIA, REPUBLICA DE"
403,Pablo Alarcón,1992-05-19,valverdeamelia@hotmail.com,GUYANESA
404,Dr. Nelly Guerra,2015-08-30,elisalozada@hotmail.com,NAMIBIANA
405,Lilia de la Rosa Lugo,2016-03-24,godinezsandra@hotmail.com,SIERRA LEONESA
406,Lic. Georgina Alva,1998-01-25,qgonzales@hotmail.com,ESLOVAQUIA
407,Dr. Daniel Brito,2015-02-23,nelly13@hotmail.com,NEPALESA
408,Mateo Díaz Sandoval,1980-06-16,humbertomacias@hotmail.com,BAHAMEÑA
409,Jesús Adela Razo Cardenas,1960-04-14,peraltaporfirio@yahoo.com,CONGOLESA
410,Lorena Carrión Ibarra,1985-02-28,alcarazjeronimo@gmail.com,BRITANICA
411,Virginia Beatriz de la O Rolón,2009-04-02,klara@hotmail.com,SIRIA
412,María Eugenia Galindo,2011-05-26,luis-miguel45@hotmail.com,PERUANA
413,Sergio Ricardo Loera,1957-11-25,abrahammaldonado@gmail.com,FIJIANA
414,Sr(a). Bruno Santiago,1948-04-12,fheredia@hotmail.com,LAOSIANA
415,Carmen Delgadillo Zamudio,2004-02-07,jose-carlossarabia@gmail.com,BURUNDESA
416,Rocío Tórrez Luevano,1975-03-21,itzel53@yahoo.com,"MOLDOVIA, REPUBLICA DE"
417,Cristina Cristian Segovia,1949-07-25,ferrerlilia@yahoo.com,COLOMBIANA
418,Marco Antonio Malave,1961-11-15,nalarcon@hotmail.com,MONEGASCA
419,Roberto Eloy Becerra,1997-08-26,erocha@hotmail.com,LIBERIANA
420,Clara Arguello Valdés,1976-12-29,ivonne21@yahoo.com,CHIPRIOTA
421,Omar Piña,1977-07-19,ocampojesus@yahoo.com,TAIWANESA
422,Claudio Soto,2009-06-10,madridrosa@gmail.com,GUINEA
423,Ing. Darío Quintero,1996-06-19,ojedamaria-cristina@hotmail.com,BRITANICA
424,Lic. Cristian Tijerina,1954-04-22,miguel-angelrico@gmail.com,COSTARRICENSE
425,Mtro. Luisa Corral,1996-02-26,ilerma@yahoo.com,REINO UNIDO(C. BRIT. DEL EXT.)
426,Mtro. Gerardo Covarrubias,1985-06-30,isabela48@gmail.com,VATICANA
427,Aldonza Olivo Balderas,2016-06-17,bcarrero@yahoo.com,BRASILEÑA
428,Daniela Antonio Abrego,1974-11-18,maria-del-carmenbadillo@hotmail.com,BIRMANA
429,Porfirio Bernardo Piña,1968-06-12,gustavofajardo@gmail.com,MICRONECIA
430,Abraham Úrsula Lucero Corona,2012-05-09,solisjosefina@yahoo.com,MALASIA
431,Sr(a). Bernardo Montañez,1988-07-23,rosa07@gmail.com,BELGA
432,Delia Garibay,1973-05-09,abregomarisol@hotmail.com,GRIEGA
433,Estefanía Jurado Velasco,1958-08-14,nelly65@yahoo.com,BULGARA
434,Lic. Araceli Esquibel,2009-12-05,emuniz@hotmail.com,GAMBIANA
435,Cynthia Yeni Razo,1969-11-02,crodriguez@gmail.com,VATICANA
436,Fernando Elizondo Gracia,1978-09-26,tafoyaanabel@gmail.com,SUECA
437,Jonás Villa Padilla,1948-09-15,avalosramon@yahoo.com,ALEMANA
438,Nancy Corrales,2001-01-26,valenzuelafelipe@hotmail.com,DE SEYCHELLES
439,Ramiro Rangel Escobedo,1963-11-23,valentinfidel@gmail.com,BELGA
440,Natividad Cervantes Salas,2018-04-08,tejedaclara@gmail.com,PUERTORRIQUEÑA
441,Porfirio Abigail Guerra,1992-01-01,blanca60@yahoo.com,PAPUENSE
442,Miguel Ángel Juan Carlos Avilés Solorzano,1950-06-06,ybahena@hotmail.com,DEL SAHARA
443,Nayeli Aida Pedroza,2007-07-06,smuniz@gmail.com,DE SANTO TOME
444,Reynaldo Hermelinda Suárez,2012-12-13,ipedraza@hotmail.com,GUATEMALTECA
445,Concepción Aparicio Alonso,1962-09-05,nancy28@yahoo.com,NORUEGA
446,Nayeli Carranza Fierro,1968-05-10,marquezangelica@hotmail.com,MONEGASCA
447,Gabino Roberto Garza Piña,2018-08-13,norma18@hotmail.com,PUERTORRIQUEÑA
448,Josefina Josefina Sanabria Sepúlveda,1979-10-02,hguerrero@yahoo.com,VATICANA
449,Sara Camila Guerra Valdez,2008-07-03,lcuriel@gmail.com,FINLANDESA
