vinoid,vid,nombre,cepa,descripcion,precio
0,0,Petit VerdotPUERTO,PETIT VERDOT ,Excepturi maiores nostrum nostrum. Fugit sint necessitatibus animi enim. Delectus vitae laudantium sint reiciendis.,7777.88
1,0,BonardaAL,BONARDA ,Sit voluptatum ipsum debitis atque libero. Iste explicabo similique at facilis tenetur. Nisi sunt alias hic.,16192.64
2,0,Petit VerdotSANTUARIO,PETIT VERDOT ,Modi voluptates adipisci autem. Optio unde corrupti in commodi cum. Temporibus quis consequatur fugit. Odit debitis nostrum consectetur hic esse voluptates.,15341.19
3,0,Cabernet FrancDE,CABERNET FRANC ,Saepe tempora omnis. Iusto iure repudiandae et iusto minima animi. Nam aspernatur veniam rerum ut perspiciatis voluptatum voluptatem.,20513.29
4,0,SyrahAL,SYRAH ,Possimus molestiae iusto voluptates eos. Corrupti vitae fuga illo animi.,2933.76
5,1,TannahROCHE,TANNAH ,Cum voluptatibus possimus voluptatibus doloremque temporibus reprehenderit eos. Maxime impedit quia perspiciatis hic.,12600.92
6,1,MalbecALGODONALES-LOS,MALBEC ,Magni blanditiis atque at. Modi illo dignissimos repellat reprehenderit minima.,20469.6
7,1,TannahDE,TANNAH ,Blanditiis eveniet sit veniam ipsam doloremque saepe. Dolores sapiente rem ad occaecati. Id in deleniti ratione voluptatibus ab.,3483.58
8,1,MerlotDE,MERLOT ,Vitae harum fugit iure. Officiis repudiandae est harum velit consectetur. Inventore ut eum.,13985.26
9,1,Cabernet FrancDE,CABERNET FRANC ,Quisquam accusantium perspiciatis quae.,12386.72
10,2,Cabernet FrancDEL,CABERNET FRANC ,Qui iure veniam veniam provident labore praesentium. Dolore libero alias nobis ut quidem. Rerum libero in deserunt fugiat.,11723.39
11,2,MalbecROMANA,MALBEC ,Dignissimos totam enim illum culpa explicabo corrupti error. Praesentium eius ipsa labore provident doloribus quo. Nulla in vel rerum assumenda accusamus illum asperiores.,21786.13
12,2,Cabernet FrancLAGUNAS,CABERNET FRANC ,Architecto eligendi inventore reiciendis dolor. Fuga voluptatem consequatur saepe aperiam reiciendis. Ea dolores laboriosam qui quidem qui.,10983.25
13,2,Syrah-,SYRAH ,Magni fugiat enim aliquid ut. Consequuntur cupiditate excepturi dolor quas sit facere.,3059.39
14,2,Cabernet SauvignonSALINAS,CABERNET SAUVIGNON ,Odio accusantium vero qui. Illum voluptate beatae accusamus. Nam quae delectus nisi beatae nesciunt eaque.,5242.95
15,3,MerlotGUADALETE,MERLOT ,Saepe impedit nihil. Quia dignissimos a cupiditate maxime quia.,6018.48
16,3,Cabernet FrancDEL,CABERNET FRANC ,Nulla enim suscipit neque. Dolore nobis rerum nihil necessitatibus recusandae odio.,13022.76
17,3,MerlotDEL,MERLOT ,Eum voluptatum minus ad. Hic repudiandae aliquam maxime itaque. Earum mollitia fuga nam cum quae.,16630.5
18,3,Cabernet FrancTORRE,CABERNET FRANC ,Debitis et at perferendis quidem ab asperiores. Aut atque eveniet laudantium quae in.,2089.65
19,3,MalbecDEL,MALBEC ,Facere repellendus nobis. Maxime placeat sint minima.,7492.31
20,4,Cabernet FrancJESÚS,CABERNET FRANC ,Maiores optio autem natus autem neque mollitia. Animi reiciendis vel.,21038.11
21,4,BonardaATUNES-ATLANTERRA,BONARDA ,Commodi maiores consequatur neque quam quam dolores. Impedit aut id aliquam illo repellendus iste autem. Voluptatum expedita quos sapiente.,22250.03
22,4,MalbecLOS,MALBEC ,Illo minus saepe culpa distinctio. Debitis accusamus expedita facilis nulla. Doloremque odio delectus veritatis.,15967.64
23,4,BonardaDEL,BONARDA ,Aliquam inventore exercitationem placeat repudiandae. Soluta repellat quasi vitae.,24112.95
24,4,Petit VerdotTORRE,PETIT VERDOT ,Eligendi cum fugit. Voluptatem velit sapiente voluptas id quaerat doloremque quaerat. Nostrum cumque maiores eum.,6915.75
25,5,Petit VerdotEL,PETIT VERDOT ,Ad architecto nostrum tempore. Necessitatibus impedit perferendis tenetur.,23042.18
26,5,MerlotFORESTAL,MERLOT ,Praesentium enim molestias eligendi asperiores. Deleniti quos magni accusamus delectus.,21801.9
27,5,Petit VerdotBORNOS,PETIT VERDOT ,Voluptatibus illo velit provident. Odit suscipit omnis reiciendis soluta. Eius provident odit nisi.,17912.48
28,5,TannahEMBALSE,TANNAH ,Id mollitia est animi eligendi maiores at. Quidem doloremque magni hic maiores quasi dignissimos. Deserunt impedit qui.,3129.74
29,5,SyrahALBARRACINEJO,SYRAH ,Id quaerat officiis repellendus soluta animi doloribus consequatur. In sint repellat odit cum.,16042.22
30,6,MerlotZAHARA,MERLOT ,Corporis saepe doloremque corporis. Assumenda sapiente consequatur pariatur.,23409.78
31,6,SyrahALBINA,SYRAH ,Libero incidunt nobis nam. Minima fugiat magni asperiores quam quos.,2073.5
32,6,SyrahDE,SYRAH ,Distinctio tempore ea vitae recusandae. Perspiciatis molestiae eaque illo ab. Soluta praesentium deserunt quos.,16981.99
33,6,Petit VerdotSANTO,PETIT VERDOT ,Fugiat iusto officiis incidunt. Asperiores reiciendis ut tempora quas tempore.,8714.14
34,6,BonardaEL,BONARDA ,Aperiam quo dolorum. Ullam optio aut. Illo ipsum quasi dolore harum ipsum labore a.,7388.83
35,7,MerlotÁGUILA,MERLOT ,Officiis repellat ipsum repellat. Vero libero illo repellendus totam. Commodi consequuntur numquam eveniet assumenda ex corporis. Commodi nisi temporibus praesentium eos laudantium ut laudantium.,10465.55
36,7,MerlotDE,MERLOT ,Ratione eligendi dolore reprehenderit laudantium consequatur. Commodi cum voluptate corrupti fugit.,16444.16
37,7,Cabernet FrancDEL,CABERNET FRANC ,Officiis distinctio labore labore beatae facilis. Harum id quisquam eum ut. Sequi et necessitatibus ipsam.,12642.52
38,7,SyrahEL,SYRAH ,Inventore aliquam laboriosam aut ex debitis. Ex animi perspiciatis delectus reprehenderit reprehenderit sed. Distinctio rem eum modi recusandae distinctio possimus. Sunt facilis debitis at sapiente quis odit.,4462.7
39,7,TannahFARDELA,TANNAH ,Aspernatur cumque ipsa dolorum. Blanditiis magnam et ratione distinctio. Totam praesentium commodi nam deleniti quae.,24738.89
40,8,MerlotALHAJA,MERLOT ,Itaque culpa maxime laboriosam harum numquam architecto omnis. Id iusto a dolorem.,12791.69
41,8,SyrahDEL,SYRAH ,Voluptatum officiis velit.,3677.81
42,8,Petit VerdotJESÚS,PETIT VERDOT ,Reiciendis beatae alias consectetur impedit explicabo nihil. Ipsum suscipit architecto.,10300.64
43,8,Petit VerdotQUINTAS,PETIT VERDOT ,Eaque repellendus magnam vitae. At voluptate voluptatum consequatur cupiditate. Id quos ullam fuga reiciendis veniam tempore.,18167.32
44,8,Cabernet FrancSANTO,CABERNET FRANC ,Sint rerum dolorem officiis rerum. Eum ullam eligendi ullam praesentium harum. Facilis minima modi porro. Deleniti eius autem maiores doloremque.,4936.12
45,9,Cabernet SauvignonDEL,CABERNET SAUVIGNON ,Necessitatibus repellat eligendi illum possimus nulla quas amet. Animi esse praesentium maiores deleniti quae amet. Reiciendis repellat quasi consequuntur.,16613.05
46,9,SyrahJIMENA,SYRAH ,Quisquam ea sequi facilis ducimus. Ea reiciendis molestiae accusantium tempore.,14281.99
47,9,TannahBAHÍAS,TANNAH ,Inventore a magnam iure omnis dolores. Perspiciatis veniam commodi est sequi.,11667.98
48,9,MerlotDE,MERLOT ,Sed neque magni corporis. Ipsa ex ipsum porro. Repudiandae explicabo expedita quam suscipit.,20538.42
49,9,TannahDE,TANNAH ,Qui rem tempora consequatur. Excepturi quia quo officia et itaque. Minus ratione unde ipsum doloremque. Non ut voluptatibus nam saepe.,24347.44
50,10,BonardaDE,BONARDA ,Ab libero eligendi suscipit expedita minus. Repellendus quaerat ut.,8699.26
51,10,BonardaVERDE,BONARDA ,Praesentium vero sit tenetur sed enim. Id ex perferendis eos.,8392.25
52,10,Petit VerdotDE,PETIT VERDOT ,Ullam laboriosam occaecati expedita dolorum quod sapiente. Eos expedita maiores iusto iste veniam.,14949.67
53,10,BonardaGUADALMESÍ,BONARDA ,Odit asperiores blanditiis maxime quidem.,13352.84
54,10,MerlotROMANA,MERLOT ,Dolorum delectus labore nam. Sunt dolores dolorem quasi maiores. Sint ab laborum in reprehenderit odit mollitia animi. Minus necessitatibus nisi deserunt iure.,3449.78
55,11,SyrahRIO,SYRAH ,Impedit ab consequatur ut.,7862.31
56,11,Petit VerdotVALLE,PETIT VERDOT ,Itaque nostrum ipsum minima numquam eius omnis iste. Nesciunt quae dolores doloremque omnis vel consectetur.,2144.28
57,11,MerlotCAMINOS,MERLOT ,Porro necessitatibus quo nobis cupiditate quod. Asperiores rerum excepturi ad labore enim. Libero porro aspernatur deleniti necessitatibus atque rem.,21049.89
58,11,MerlotGANADERAS,MERLOT ,In odit neque voluptas molestiae recusandae sunt minus. Neque voluptatum possimus totam quam dolorum suscipit.,19422.65
59,11,Cabernet SauvignonGANADERAS,CABERNET SAUVIGNON ,Nisi earum magnam explicabo fuga facilis. Quidem dolores quae voluptatum dolorem.,22530.83
60,12,MalbecDE,MALBEC ,Asperiores ex nulla quisquam. Asperiores architecto odit ratione. Delectus asperiores temporibus iste provident harum consequatur.,24431.86
61,12,TannahLA,TANNAH ,Blanditiis sunt quo ipsam suscipit. Autem earum blanditiis quaerat perspiciatis doloremque esse. Dolor sapiente a.,9109.98
62,12,SyrahDE,SYRAH ,Recusandae temporibus voluptatum sed. Laborum rerum modi voluptas odio. Ipsa nesciunt nemo. Esse reprehenderit distinctio commodi nisi.,2734.92
63,12,Petit VerdotTOLETA,PETIT VERDOT ,Temporibus porro tenetur. Quisquam laborum odio nemo laborum repellat nisi.,17404.39
64,12,Petit VerdotLAS,PETIT VERDOT ,Rerum ducimus laudantium amet.,17305.29
65,13,MerlotDE,MERLOT ,Illo libero ipsam aut adipisci facere maiores. Laboriosam laboriosam dignissimos amet. Modi incidunt magni rem. Adipisci cum velit.,15731.57
66,13,SyrahDE,SYRAH ,Soluta ab at natus. Harum repellat tenetur velit culpa.,23715.54
67,13,TannahSALINAS,TANNAH ,Veniam dolorem facere veniam unde. Commodi eveniet quod minus reprehenderit eius. Eveniet amet veritatis voluptatem numquam adipisci.,15643.66
68,13,Cabernet FrancFRONTERA,CABERNET FRANC ,Veritatis accusantium odit alias nam. Voluptatem illo cumque distinctio ut harum quae voluptate. Quos vero cupiditate odit consectetur.,3769.42
69,13,Cabernet FrancCHICLANA,CABERNET FRANC ,Labore omnis soluta similique ex voluptatibus nisi. Nesciunt veniam nostrum eveniet sint nihil. Sapiente magnam odio ea.,10701.02
70,14,MalbecBENALUP-CASAS,MALBEC ,Adipisci magnam suscipit odit quaerat cum nam. Eius error ratione perspiciatis deserunt unde. Consectetur soluta esse nihil quod consectetur consequatur.,9165.64
71,14,Cabernet SauvignonUTRERA,CABERNET SAUVIGNON ,Dolore pariatur placeat veniam accusamus ducimus iste. Doloribus earum deserunt aut pariatur. Non esse vero quis.,14354.7
72,14,TannahALGECIRAS,TANNAH ,Reiciendis accusamus libero repellendus. Adipisci labore perspiciatis quae magnam quis neque.,15472.63
73,14,BonardaDEL,BONARDA ,Ullam amet quia accusamus. Quod cupiditate modi eum est.,21164.95
74,14,Cabernet FrancDE,CABERNET FRANC ,Corporis modi sapiente velit vero inventore optio magni. Qui deserunt accusantium quisquam quis neque veniam.,6936.42
75,15,Cabernet FrancVERDE,CABERNET FRANC ,Quis tempora facilis quibusdam velit vitae. Quaerat ipsam asperiores reiciendis non deleniti. Fuga ipsum eum fugiat asperiores quam vel asperiores.,2216.51
76,15,MalbecFARDELA,MALBEC ,Iure officia voluptatem excepturi voluptatem nobis. Dolore magni quod suscipit qui nam. Maiores quaerat debitis ipsam pariatur.,3772.2
77,15,Cabernet SauvignonNUESTRA,CABERNET SAUVIGNON ,Omnis ad deserunt voluptatibus reprehenderit doloribus. Eos commodi est provident laudantium cupiditate. Ullam dolore asperiores veritatis iusto voluptatem.,3518.59
78,15,MerlotGARGANTA,MERLOT ,Fuga quam eius maxime modi minima. Perferendis placeat quis eos quos. Nulla quam animi assumenda nisi veritatis deleniti.,2412.13
79,15,SyrahVERDE,SYRAH ,Dolore possimus repellendus aliquam. Fugiat eius modi beatae saepe mollitia.,4990.1
80,16,MalbecLA,MALBEC ,Quisquam ut reprehenderit quos ut. Totam fugit voluptatibus quasi voluptate. Magnam nobis odit quasi nesciunt explicabo. Eveniet soluta amet odit veniam laboriosam.,9786.45
81,16,Petit VerdotJIMENA,PETIT VERDOT ,Quos praesentium earum soluta numquam voluptates dicta. Eaque consequuntur quibusdam laborum dolor quam. Rem consectetur occaecati voluptas atque. Impedit veritatis incidunt pariatur voluptatum adipisci asperiores.,20778.28
82,16,MalbecVENTAS,MALBEC ,Inventore vitae cum cupiditate debitis iure alias. Ducimus eveniet laboriosam sed. Praesentium natus voluptates ullam quaerat quasi velit.,4785.14
83,16,Petit VerdotPUERTA,PETIT VERDOT ,Qui aspernatur sapiente recusandae laboriosam eveniet consectetur eligendi. Saepe possimus nisi officiis.,4489.54
84,16,MerlotBORNOS,MERLOT ,Illo facere aspernatur odio ullam explicabo. Voluptate quod voluptates quasi incidunt totam. Iste corporis perspiciatis ab. Quos at soluta nulla odio omnis ut.,20847.06
85,17,MerlotPÍCARO,MERLOT ,Dolorem et accusamus. Nam tenetur accusantium aliquid vel est. Illum consequuntur molestiae quos dicta minima voluptate officia.,22825.27
86,17,MerlotPASEO,MERLOT ,Voluptas nisi deserunt velit quaerat deleniti consequuntur harum. Amet cum ipsum alias quaerat aliquid. Non porro omnis blanditiis vero.,4356.79
87,17,Petit VerdotAL,PETIT VERDOT ,Corrupti laboriosam excepturi. Tenetur id ex inventore blanditiis vel sequi. Aliquid voluptatibus tempore ducimus natus. Dignissimos nemo vel delectus unde consectetur placeat.,7096.08
88,17,MerlotDEL,MERLOT ,Nemo quisquam culpa expedita nam repellat amet. Rem fugiat magni non. Illum magni alias perferendis dolor vel.,16096.9
89,17,BonardaGARGANTE,BONARDA ,Accusamus qui beatae dignissimos dolores dolores non. Tempore nihil non adipisci voluptas nisi.,9181.78
90,18,TannahDE,TANNAH ,Quo reprehenderit aliquam. Assumenda natus ipsum quo occaecati doloribus. Error iusto at repudiandae tempora repellendus. Molestias labore corrupti provident ratione.,17568.31
91,18,SyrahFRONTERA-CANTARRANAS,SYRAH ,Odit libero unde vero. A magni cumque quam. Debitis accusamus ipsam nulla autem magni possimus. Debitis sed accusantium.,23112.84
92,18,BonardaDE,BONARDA ,Ex perferendis itaque minima aspernatur sed quis.,15861.54
93,18,Cabernet FrancPLATERAS,CABERNET FRANC ,Tenetur dignissimos eveniet laborum amet corrupti quos. Ullam optio nemo eius provident.,21052.52
94,18,Cabernet FrancFATES,CABERNET FRANC ,Accusamus iusto reiciendis expedita recusandae. Enim minima numquam assumenda voluptatem ea. Quasi numquam optio debitis.,5473.81
95,19,BonardaDE,BONARDA ,Assumenda optio nesciunt quod minima rem voluptas quae. Deserunt beatae sint blanditiis delectus.,14696.1
96,19,MalbecLIJAR,MALBEC ,Pariatur temporibus sit fugit. Illum est deserunt officiis odit perferendis. Delectus eum at doloribus expedita.,4630.92
97,19,Petit VerdotBACINETE,PETIT VERDOT ,Dolor ad exercitationem necessitatibus sed fugit mollitia architecto. Quis nesciunt ut fuga. Excepturi cum eaque facilis eius perferendis dicta.,18926.45
98,19,TannahSANTUARIO,TANNAH ,Aliquam odio ratione perspiciatis veniam corrupti itaque. Maiores accusamus libero. Commodi quaerat asperiores nesciunt hic porro expedita.,8055.81
99,19,MerlotFRESNILLO,MERLOT ,Id laudantium quia dignissimos fugit. Unde nihil harum vero.,11482.48
100,20,Petit VerdotLA,PETIT VERDOT ,Necessitatibus suscipit quia voluptas temporibus et quas magnam. Fuga asperiores cum facere. Quasi facilis a quo minima. Libero sint at modi eum odio.,9580.19
101,20,Petit VerdotDE,PETIT VERDOT ,Odio aspernatur dolorem eaque inventore expedita. Quasi sit repellendus dicta accusamus officiis officia quas. Placeat neque magni soluta esse. Ut harum libero.,11864.18
102,20,BonardaDE,BONARDA ,Unde veniam omnis. Impedit aut aliquid dolores reprehenderit amet odio.,16626.69
103,20,Petit VerdotMILLAN,PETIT VERDOT ,Vero reprehenderit reiciendis praesentium omnis occaecati necessitatibus. Quas beatae illum at vitae debitis minus. Possimus neque odit enim unde.,11430.47
104,20,Cabernet FrancGUAREÑAS,CABERNET FRANC ,Dicta totam minus alias odit rerum sunt. Expedita sapiente laboriosam molestias. Non at amet omnis.,3597.08
105,21,TannahTAPA,TANNAH ,Laudantium fugit quidem cumque dolores vitae quisquam minus. Cumque provident similique ipsam molestias nesciunt velit.,3799.54
106,21,SyrahBARBATE,SYRAH ,Dolore voluptatum molestiae quae. Recusandae porro corrupti. Id aspernatur perferendis iusto fugiat.,24083.15
107,21,TannahDE,TANNAH ,Quas sit molestias quaerat temporibus. Asperiores pariatur est voluptatibus tenetur earum perferendis. Eos porro impedit ab ipsa.,18890.2
108,21,Cabernet FrancCAMINOS,CABERNET FRANC ,Aliquid corrupti cumque facere labore quidem enim. Odio nam corporis aliquam impedit.,22769.28
109,21,Petit VerdotPUENTES,PETIT VERDOT ,Similique placeat nam voluptatum reiciendis hic doloremque reiciendis. Ipsum enim ea iste. Necessitatibus ratione vitae deleniti nostrum delectus.,15543.8
110,22,Petit VerdotARMAS,PETIT VERDOT ,Excepturi ducimus ipsum mollitia sapiente voluptates et. Doloribus veritatis iusto vitae delectus. Laboriosam accusamus suscipit tempora.,22721.65
111,22,Cabernet FrancSAN,CABERNET FRANC ,Dignissimos praesentium at ab eaque. Dignissimos ab architecto ipsam mollitia. Aut quos omnis quibusdam.,14428.5
112,22,Petit VerdotBARBATE,PETIT VERDOT ,Fuga esse distinctio quidem. Rerum et id perferendis recusandae quia. Doloremque omnis fuga ducimus corporis nihil incidunt voluptatem.,3574.29
113,22,SyrahÁGUILA,SYRAH ,Aut ea nobis impedit. Rem iusto harum blanditiis. Molestiae accusamus eveniet dolorem voluptas. Quos provident labore at eveniet pariatur.,7478.24
114,22,MerlotLAS,MERLOT ,Cum eaque inventore corporis fugiat. Illo itaque nobis ab praesentium. Suscipit harum distinctio dolor porro incidunt enim.,19085.65
115,23,Cabernet FrancVALLE,CABERNET FRANC ,Iure exercitationem ex fugiat. Cum quae molestiae quisquam sit.,22568.45
116,23,Cabernet FrancPUNTA,CABERNET FRANC ,Non saepe repellat quae. Quod maiores amet nihil. Amet minima sit saepe numquam magnam.,11443.17
117,23,Cabernet SauvignonLAS,CABERNET SAUVIGNON ,Nam aut aspernatur cumque cumque molestiae itaque. Excepturi ratione sequi cupiditate. Fugiat aspernatur enim porro at cum dignissimos. Minus dolor aut tempore quo fugiat.,20819.1
118,23,MalbecDEL,MALBEC ,Eveniet blanditiis nisi dolorem. Saepe voluptatibus similique eum aliquam.,9247.27
119,23,Merlot-,MERLOT ,Est natus delectus corrupti consectetur atque. Tempore explicabo placeat dolor suscipit provident tenetur.,5114.65
120,24,MerlotBENALUP-CASAS,MERLOT ,Libero illo fugit magni quidem voluptatem aliquid. Hic saepe itaque sint.,20207.15
121,24,TannahCAÑADA,TANNAH ,Incidunt consequatur assumenda necessitatibus. Quos in voluptas saepe aliquam ex eveniet. Cumque amet laborum deserunt. Mollitia quo in doloribus animi voluptas harum.,15084.14
122,24,Cabernet SauvignonDE,CABERNET SAUVIGNON ,Consequatur quas sequi dignissimos perferendis labore commodi. Fugit dolore labore cum maxime doloribus.,17167.62
123,24,BonardaDEL,BONARDA ,Maiores labore numquam velit dolorum. Sed sapiente dolore fuga non veritatis.,5721.87
124,24,Petit VerdotMORÓN-MIRADOR,PETIT VERDOT ,Exercitationem nihil dolorum minima quos odit quisquam. Beatae illum labore.,4380.15
125,25,SyrahEL,SYRAH ,Dolore perspiciatis in ipsa laborum placeat. Numquam quaerat dignissimos.,23990.5
126,25,SyrahHOZGARGANTA,SYRAH ,Pariatur eum cum ratione nulla. Impedit dolores rem recusandae.,18338.1
127,25,BonardaLOS,BONARDA ,Dicta aut officia vitae eaque deserunt aliquid omnis. Soluta voluptates sunt facilis voluptatum molestias deleniti. Deleniti iusto eveniet doloremque voluptates. Quos voluptatibus eligendi veritatis similique aspernatur eius.,5413.64
128,25,MerlotDE,MERLOT ,Ipsa repellendus dignissimos dolorem harum iure sunt. Incidunt omnis quaerat laborum consequatur accusantium. Voluptas iusto quasi doloribus debitis.,6044.68
129,25,Petit VerdotGARGANTE,PETIT VERDOT ,Eos occaecati quo magnam ducimus magnam. Distinctio labore magni fuga dolorem temporibus at. Facere nam tempora ut.,15674.94
130,26,Cabernet FrancBORNOS,CABERNET FRANC ,Tempore impedit sint delectus saepe debitis. Molestiae doloribus sint.,20010.22
131,26,Petit VerdotCANALIZO,PETIT VERDOT ,Unde quia officia amet itaque praesentium. Iste repellat eos rerum quo asperiores nisi. Odio explicabo saepe assumenda quasi.,20062.86
132,26,MalbecFRESNILLO,MALBEC ,Culpa ad voluptas dicta a architecto. Enim quis sunt consectetur pariatur.,11667.46
133,26,Cabernet SauvignonTAPA,CABERNET SAUVIGNON ,Voluptates excepturi sint quis. Voluptatibus deserunt quasi modi atque numquam.,11106.77
134,26,MerlotNACIMIENTOS,MERLOT ,Repudiandae quod sed. Consequatur tempore nam rem minima earum corrupti.,14730.16
135,27,Cabernet FrancARMAS,CABERNET FRANC ,Blanditiis deleniti aut nesciunt. Quas explicabo repudiandae accusantium deleniti rerum commodi labore. Debitis perspiciatis quod necessitatibus dolorem aut hic.,4167.65
136,27,MalbecDE,MALBEC ,Molestiae pariatur eius. Dolores dolor nostrum facere.,19471.95
137,27,Petit VerdotFUENTE,PETIT VERDOT ,Tempora commodi quam. Veritatis ipsam ratione qui tempora necessitatibus earum. Nesciunt corrupti eligendi id ipsam.,5166.56
138,27,Cabernet FrancEL,CABERNET FRANC ,Unde adipisci nam incidunt officia. Mollitia totam excepturi fuga repellat. Voluptates nihil corporis libero amet ipsam dolor.,18489.77
139,27,Cabernet SauvignonLA,CABERNET SAUVIGNON ,Sint quaerat quia voluptas modi aperiam voluptatum. Magni ullam nobis neque facilis. Blanditiis harum officiis incidunt ut porro impedit.,19489.83
140,28,BonardaDEL,BONARDA ,Doloremque eveniet laborum. Dolor sunt temporibus distinctio. Quia architecto corporis neque.,2448.71
141,28,MalbecLOS,MALBEC ,Voluptatibus possimus laborum ea facilis. Qui reiciendis exercitationem.,18222.16
142,28,MalbecJIMENA,MALBEC ,Consectetur accusamus fugiat.,24807.46
143,28,MalbecLOS,MALBEC ,Assumenda quas laudantium suscipit laudantium. Id similique quae veritatis soluta reiciendis.,14100.7
144,28,BonardaDE,BONARDA ,Earum non praesentium tempora libero iure omnis laborum. Quo voluptatem animi corrupti. Magnam veritatis perferendis.,11931.72
145,29,Cabernet FrancSANTOS,CABERNET FRANC ,Libero nisi in eum dolorem. Reprehenderit magni soluta alias. Sed numquam numquam nobis et voluptatem.,19656.91
146,29,Cabernet FrancDE,CABERNET FRANC ,Magni mollitia quas. Officia ipsa consectetur nesciunt placeat quasi.,9489.94
147,29,MerlotFERNANDO,MERLOT ,Mollitia commodi dicta voluptas nesciunt voluptas porro. Aperiam atque pariatur ipsam aliquam.,22745.53
148,29,Cabernet FrancMECA,CABERNET FRANC ,Molestias iusto maxime corporis vel. Maxime alias architecto rem.,4883.8
149,29,MalbecLECHE,MALBEC ,Eaque consequuntur odit laboriosam. Tenetur iusto magnam vel sint corporis.,13003.2
150,30,Petit VerdotFUENTES,PETIT VERDOT ,Unde culpa quia odit. Odit esse voluptatem dolorem. Corporis veniam eveniet.,17820.55
151,30,BonardaBARBATE,BONARDA ,Repellendus ex nihil rerum.,7775.1
152,30,MerlotDEL,MERLOT ,Suscipit necessitatibus voluptatibus accusamus incidunt. Necessitatibus porro magni perferendis.,15788.99
153,30,MerlotFRONTERA-PALOMAR,MERLOT ,Expedita a illo rerum error dolores voluptas provident. Rerum quae atque laborum.,15321.16
154,30,TannahCAMINO,TANNAH ,Cumque consequuntur molestias dolore excepturi facilis. Repellendus quod occaecati delectus voluptas repellendus aut. Minima assumenda atque aut ea illo.,18884.37
155,31,Cabernet FrancLUZ,CABERNET FRANC ,Libero sit quisquam neque id fugit. Dolor hic dolor sapiente consequatur commodi. Excepturi illum quas ullam quia quia. Voluptatem nesciunt quidem necessitatibus nam.,20499.14
156,31,MerlotREAL,MERLOT ,Temporibus cum eligendi blanditiis voluptatibus id aspernatur. Excepturi provident nulla maxime quae. Sequi ex quis dolorum.,5787.4
157,31,SyrahRÍO,SYRAH ,Repudiandae voluptatum pariatur autem. Excepturi occaecati quasi quos.,11536.95
158,31,MalbecDE,MALBEC ,Tenetur placeat harum eveniet delectus. Quis in nostrum.,15582.67
159,31,BonardaALBARRACINEJO,BONARDA ,Ipsam occaecati minus culpa ipsa ducimus quas.,7483.0
160,32,Cabernet FrancNAVAZO,CABERNET FRANC ,Esse assumenda libero laborum. Labore eos hic illum iusto cumque soluta. Vitae dolorem delectus distinctio officiis sint incidunt.,18651.37
161,32,TannahMECA,TANNAH ,Quasi incidunt maiores suscipit totam fugit ea. Modi esse veritatis sed exercitationem sint deserunt. Iusto eaque impedit fugit ipsa nisi quod.,8327.21
162,32,MalbecTAJO,MALBEC ,Non delectus ducimus vitae voluptates. Vitae cupiditate voluptatum similique occaecati optio unde aspernatur.,12620.55
163,32,Petit VerdotDEL,PETIT VERDOT ,Eum eaque unde praesentium. Veniam accusantium similique eos optio odit temporibus. Iste repellat impedit repellat amet. Commodi repellendus eligendi perferendis quibusdam tenetur.,6773.13
164,32,Cabernet SauvignonDEL,CABERNET SAUVIGNON ,A voluptas reiciendis consequuntur placeat. Deserunt quis incidunt error iusto consectetur architecto.,7191.2
165,33,Cabernet SauvignonLA,CABERNET SAUVIGNON ,Ullam quam magnam facilis deserunt dignissimos accusamus. Blanditiis quasi omnis sapiente et dolorem numquam aperiam.,7094.15
166,33,MerlotSAN,MERLOT ,Fuga reiciendis voluptate mollitia cupiditate qui rerum. Minima quos consectetur nobis repellendus numquam repellendus. Rem consequatur deserunt optio ipsum autem necessitatibus nemo.,14634.76
167,33,Petit VerdotDE,PETIT VERDOT ,Rem provident molestiae magnam accusantium. Impedit facere at sint libero. Beatae quis cumque odit. Ipsa dolorem rem nam cumque dolorum.,22328.79
168,33,Petit VerdotZAFRAMAGÓN,PETIT VERDOT ,Laboriosam numquam eveniet animi adipisci ipsa. Perferendis nulla adipisci officia. Nobis expedita tenetur natus aliquam culpa. Est natus sequi illo nihil.,22802.35
169,33,TannahLA,TANNAH ,Inventore corrupti itaque magni. Beatae quis laborum repellat saepe adipisci minima. A dolore impedit.,17098.67
170,34,TannahJANDA,TANNAH ,Fugiat tenetur est incidunt est veniam quas. Architecto sed magni. Consequatur ratione et a.,8173.34
171,34,Cabernet FrancDEL,CABERNET FRANC ,Et repellendus doloremque laboriosam. Incidunt optio esse laborum voluptatem sed consequatur maiores.,14559.01
172,34,MalbecLA,MALBEC ,Occaecati necessitatibus voluptate autem cum veniam repellat.,15075.92
173,34,BonardaDE,BONARDA ,Aliquam natus dicta dolorem voluptatibus ratione perferendis. Iure deleniti tempore quisquam unde.,13183.69
174,34,MalbecDE,MALBEC ,Soluta enim in rem iste neque. Quas sint id nulla.,19663.77
175,35,Petit VerdotCRUZ,PETIT VERDOT ,Nihil labore aut dolor sunt. Ducimus ipsa error. Dicta hic nemo nihil voluptas quae tempora.,6356.38
176,35,Cabernet SauvignonBERRAL,CABERNET SAUVIGNON ,Dicta laborum animi ducimus illum beatae. Fuga tempora esse dolorum. Aliquam sed nulla in quae repellendus nemo quaerat.,4724.54
177,35,BonardaDE,BONARDA ,Numquam beatae cupiditate quia quis quisquam explicabo fugit. Corporis quam magni pariatur. Tempore veritatis esse voluptatem hic accusamus eveniet nemo.,23680.01
178,35,TannahCALZADA,TANNAH ,Expedita doloribus quam. Voluptate consequatur quia nostrum.,10390.68
179,35,BonardaLADERA,BONARDA ,Exercitationem nemo nam facere aut nam ea. Distinctio laborum accusamus culpa natus dicta.,23722.52
180,36,Petit VerdotPEDRIZA,PETIT VERDOT ,Repudiandae itaque tenetur voluptatibus nihil culpa qui ducimus. Nemo error nesciunt cupiditate. Animi odit aut laudantium.,21298.9
181,36,MalbecALGARBES-BETIJUELO,MALBEC ,Nisi doloribus provident dicta nemo eaque quibusdam. Sed repellat earum voluptatibus eum ea consequatur.,15680.97
182,36,Petit VerdotJEREZ,PETIT VERDOT ,Repudiandae similique saepe dignissimos sequi. Iste enim magnam rem voluptatem. Inventore incidunt quidem vel suscipit sapiente.,6772.23
183,36,SyrahDE,SYRAH ,Quaerat maiores assumenda neque ipsum consequatur. Vitae fugiat libero aliquid. Inventore totam dicta est soluta.,13532.71
184,36,MerlotDE,MERLOT ,Voluptatibus itaque magnam dignissimos tempora qui magnam. Blanditiis dolore cumque reprehenderit vel facilis. Rerum delectus quod.,7562.44
185,37,MerlotFUENTE,MERLOT ,Delectus sapiente voluptates optio sed maiores. Temporibus ducimus excepturi culpa. Sed assumenda voluptate laudantium.,18677.66
186,37,BonardaCHARCONES,BONARDA ,Sint laborum reprehenderit accusantium iure aperiam nostrum ut. Voluptatum cupiditate sapiente blanditiis quia veniam odit.,21413.58
187,37,SyrahLA,SYRAH ,Cupiditate reiciendis commodi nisi quo. Iusto nesciunt voluptatibus quia pariatur distinctio. Laborum at praesentium in dolorum.,16189.1
188,37,Petit VerdotLOS,PETIT VERDOT ,Eveniet recusandae eligendi optio quia maxime. Aspernatur dolor pariatur possimus corporis non rerum. Quidem aliquid cum dolore nulla vel voluptatem.,2414.85
189,37,TannahALBARRACINEJO,TANNAH ,Totam sint accusamus asperiores itaque neque porro. Quaerat totam iste eveniet labore quis molestiae. Natus commodi sed aperiam veritatis.,2374.15
190,38,Cabernet SauvignonBOYAL,CABERNET SAUVIGNON ,A vitae distinctio unde mollitia perspiciatis minima.,19013.53
191,38,Cabernet FrancTRAMO,CABERNET FRANC ,Inventore repudiandae excepturi blanditiis harum distinctio amet. In consectetur ipsam doloribus perspiciatis. Voluptatibus quod sunt voluptatum in incidunt.,6400.69
192,38,SyrahDE,SYRAH ,Vel et culpa labore laudantium. Ipsum a ipsam dicta aut natus.,13507.65
193,38,MerlotCAÑADA,MERLOT ,Minima sed nihil iste iusto. Incidunt quae blanditiis tenetur. Non quos labore ex.,13471.14
194,38,MalbecDE,MALBEC ,Id eligendi beatae natus magni. Id quaerat necessitatibus saepe nihil voluptas esse.,13848.5
195,39,MerlotPOZOS,MERLOT ,Blanditiis illo et distinctio nobis. Similique quia aliquam similique cum.,24567.91
196,39,Cabernet FrancRECREATIVA,CABERNET FRANC ,Corrupti alias rem ea id molestiae eum sed. Totam rerum vitae quod dolor deleniti ratione voluptate. Dolore vel earum similique officiis ullam.,20364.35
197,39,Cabernet FrancLANCES,CABERNET FRANC ,Error in eligendi dolorum. Excepturi vitae vitae sed quibusdam.,24387.15
198,39,Petit VerdotDE,PETIT VERDOT ,Enim ratione omnis qui voluptate.,18903.77
199,39,MalbecSANTUARIO,MALBEC ,Nulla fugit voluptate nesciunt expedita vero consequatur. Porro mollitia assumenda exercitationem et vel commodi. Laboriosam voluptates cupiditate delectus aliquam iste occaecati.,7773.48
200,40,SyrahCALZADA,SYRAH ,Excepturi quaerat ratione necessitatibus deserunt. Officiis voluptatem necessitatibus ratione necessitatibus.,23482.8
201,40,Cabernet SauvignonI,CABERNET SAUVIGNON ,Quidem harum fuga tempore.,11132.73
202,40,Petit VerdotALBERITE,PETIT VERDOT ,Voluptatem necessitatibus aliquid quis. Ad dolores maiores doloremque pariatur possimus.,24221.15
203,40,TannahDE,TANNAH ,Voluptatem quod harum quo in doloremque. Laboriosam tempora sequi harum. Nisi quaerat dolor molestias nulla. Aliquam reprehenderit quia officia.,15732.29
204,40,Petit VerdotDE,PETIT VERDOT ,Quaerat provident saepe odio numquam qui reiciendis. Sapiente sint vel velit aliquam exercitationem.,18941.7
205,41,Petit VerdotPEDRIZA,PETIT VERDOT ,Corrupti optio molestiae sit magni. Cum nostrum vitae voluptas corporis dicta.,9644.76
206,41,Cabernet FrancMAJACEITE,CABERNET FRANC ,Eius optio tempore ad. Magnam saepe accusantium ipsum fugit. Recusandae commodi ipsum voluptatum aliquam repellendus natus.,5170.94
207,41,Cabernet SauvignonACANTILADO,CABERNET SAUVIGNON ,Ea ab occaecati laboriosam.,3993.08
208,41,TannahERMITA,TANNAH ,Debitis sint deleniti autem. Soluta quam soluta dicta odit.,8375.82
209,41,MalbecCAMINO,MALBEC ,Sed omnis officiis accusamus minima. Aspernatur id quas praesentium neque temporibus. Veritatis rerum consectetur.,9700.53
210,42,MalbecDEL,MALBEC ,Officia dicta ducimus molestiae placeat quisquam alias. Quia illum explicabo assumenda.,10791.2
211,42,TannahLOS,TANNAH ,Neque blanditiis id ut at. Dolore aspernatur sit vitae perspiciatis mollitia quo. Illum sapiente quibusdam culpa corporis.,5885.66
212,42,MalbecLOS,MALBEC ,Odio culpa ab.,3930.16
213,42,MerlotMEDINA,MERLOT ,Est iusto libero fuga. Harum consequuntur amet voluptatem quod neque. Minus sequi explicabo vero quam.,5833.25
214,42,Cabernet SauvignonPALMONES,CABERNET SAUVIGNON ,Commodi voluptatem ipsa repudiandae optio. Ad ipsum laudantium qui rem inventore.,8083.58
215,43,MerlotBARBATE,MERLOT ,Laboriosam voluptatum nam rem. Architecto soluta expedita debitis vel earum consequuntur.,16300.06
216,43,Cabernet SauvignonOJÉN,CABERNET SAUVIGNON ,Eveniet vero similique possimus libero nostrum. Facilis odit perferendis maiores quia laborum occaecati.,7246.67
217,43,SyrahBOYAR,SYRAH ,Tempora corrupti facilis adipisci occaecati ex.,8857.07
218,43,Cabernet FrancVERDE,CABERNET FRANC ,Incidunt labore doloremque dicta.,7374.17
219,43,Cabernet SauvignonDEL,CABERNET SAUVIGNON ,Quia iure corrupti saepe cupiditate accusantium architecto. Sint voluptates consequuntur. Adipisci qui fuga ab eaque ratione commodi.,10063.45
220,44,Petit VerdotRIBERA,PETIT VERDOT ,Dolore sed sequi quasi. Molestiae occaecati atque cumque.,21782.2
221,44,SyrahMEANDROS,SYRAH ,Distinctio velit sed laudantium commodi. Repudiandae qui perspiciatis sapiente corporis itaque.,6833.7
222,44,Cabernet FrancDE,CABERNET FRANC ,Dolores a eum doloremque saepe commodi commodi. Impedit eligendi in. Deserunt inventore veniam.,10864.84
223,44,Cabernet SauvignonRIO,CABERNET SAUVIGNON ,Repudiandae voluptatibus quaerat veniam sit. Soluta quasi accusantium.,6979.81
224,44,SyrahALTA,SYRAH ,Doloremque sapiente velit autem amet. Adipisci saepe excepturi earum.,3863.63
225,45,Cabernet SauvignonY,CABERNET SAUVIGNON ,Occaecati voluptas maxime. Voluptas debitis repudiandae animi perferendis.,16043.02
226,45,Cabernet FrancQUINTAS,CABERNET FRANC ,Ab optio aut deleniti repudiandae. Necessitatibus enim possimus.,12703.55
227,45,TannahARROYO,TANNAH ,Dolorum earum occaecati quam earum facilis facilis. Corporis explicabo iusto inventore veniam autem.,11632.48
228,45,Cabernet FrancFÁBRICAS,CABERNET FRANC ,Ipsa nam dolorum blanditiis quis. Laborum nihil officia neque.,6403.98
229,45,SyrahCALZADA,SYRAH ,Odio consequatur impedit fugiat laboriosam. Ipsum aliquam placeat dolores.,12228.59
230,46,BonardaSALTILLO,BONARDA ,Quidem sequi laudantium dolor eligendi voluptas officia. Error voluptates illum excepturi possimus. Enim nesciunt quasi quia.,18079.64
231,46,MerlotMURTA,MERLOT ,Consectetur sint accusantium molestiae placeat optio distinctio. Quidem corrupti incidunt eaque magnam perspiciatis.,6306.32
232,46,MerlotLA,MERLOT ,Magni possimus animi. A dicta eius fugit suscipit.,3308.25
233,46,SyrahROJITAN,SYRAH ,Unde quasi similique ducimus. Eveniet qui culpa sequi.,14351.98
234,46,BonardaLOS,BONARDA ,Eaque nobis ut illo. Similique mollitia doloribus consequuntur quo exercitationem quae.,24677.69
235,47,Petit VerdotSALINAS,PETIT VERDOT ,Blanditiis nemo voluptatem corporis. Quis nesciunt quidem provident tempora. Quibusdam culpa cupiditate assumenda libero.,5510.15
236,47,TannahREAL,TANNAH ,Repudiandae fugit at a in voluptatibus earum fuga. Totam eum cupiditate mollitia nostrum illum placeat sint. Ducimus id exercitationem assumenda laborum repellat totam.,21813.21
237,47,Cabernet FrancBARBATE,CABERNET FRANC ,Nihil eius molestiae ipsam impedit quam occaecati nulla. Cumque incidunt quis incidunt beatae iure.,15812.27
238,47,Petit VerdotBORNOS,PETIT VERDOT ,Optio harum autem. Nesciunt dolorum deleniti impedit inventore numquam. Sit nemo tempore necessitatibus dolorem aspernatur cupiditate maiores.,24681.35
239,47,Cabernet FrancBACINETE,CABERNET FRANC ,Vel amet asperiores explicabo dolorem. Dicta nisi veniam soluta nesciunt animi qui.,15340.11
