uid,nombre,nacimiento,correo,nacionalidad
0,Violeta Nayeli Longoria,1963-01-11,vloera@gmail.com,COLOMBIANA
1,Adela Elvira Estrada Carrillo,1952-03-02,ocollado@hotmail.com,IRLANDESA
2,Sessa Jaqueline Zavala,2004-07-21,espartacopizarro@gmail.com,MALTESA
3,Leticia Asunción Alcala Cabrera,2013-04-13,mendozajulio@hotmail.com,LIBANESA
4,Ing. Tania Aparicio,1950-09-27,valenzuelajudith@yahoo.com,TAILANDESA
5,Sr(a). Fernando Cantú,1951-12-13,klomeli@hotmail.com,DE DJIBOUTI
6,Lilia Verónica Almaraz,1957-02-15,rochaluis-miguel@gmail.com,GRIEGA
7,Hilda Israel Ordóñez Rivero,2010-10-23,elisa33@hotmail.com,ETIOPE
8,Gregorio Arcelia Gastélum Monroy,1999-02-21,jeronimo77@yahoo.com,CHINA
9,Víctor Fernando Lara Ulibarri,1952-03-29,penaamador@yahoo.com,PERUANA
10,Concepción Bruno Vallejo,2002-08-20,jimenezmartha@gmail.com,BAHAMEÑA
11,Ing. Gabriel Valle,2015-07-23,angelicarolon@yahoo.com,ALEMANA
12,Mtro. Felipe Batista,1997-08-15,david58@hotmail.com,MONGOLESA
13,Dr. Yolanda Carreón,1997-03-16,jleon@gmail.com,BULGARA
14,Dr. Virginia Valdés,1993-09-22,bduran@hotmail.com,MALTESA
15,Jaqueline Rico,2017-03-13,dmena@hotmail.com,COLOMBIANA
16,Lic. Dalia Hernandes,1954-09-02,mdelgadillo@hotmail.com,SAMOANA
17,Mariano Robledo Saavedra,1955-12-03,mrobledo@yahoo.com,DANESA
18,Ing. Noemí Barajas,1990-01-17,obrito@yahoo.com,DEL QATAR
19,Aldonza Casares Castillo,1954-10-27,hermelinda59@hotmail.com,AMERICANA
20,Soledad Esteban Henríquez,1971-04-13,rocioesparza@hotmail.com,PAPUENSE
21,Tomás Trujillo,2000-10-03,alejandroalcala@yahoo.com,SUIZA
22,Pedro Sáenz Quezada,1970-03-22,hidalgomaria-jose@gmail.com,REINO UNIDO(DEPEN. TET. BRIT.)
23,Dr. Aldo Corona,1982-08-20,karinaarevalo@gmail.com,TANZANIANA
24,Sr(a). Paola Montoya,2003-12-28,escobarrosalia@gmail.com,YUGOSLAVA
25,Aldo Benavides,2009-05-21,hectorsevilla@gmail.com,IRAQUI
26,Jerónimo Nazario,2007-07-07,hcorrales@hotmail.com,"MOLDOVIA, REPUBLICA DE"
27,Lic. Rodolfo Vargas,1956-01-29,rosa77@gmail.com,SUECA
28,Lorenzo Aurelio Viera,1969-07-02,abelardoarteaga@gmail.com,HAITIANA
29,Elisa Armando Rodarte Pineda,2001-10-24,cordovaleonor@gmail.com,REINO UNIDO(BRIT. DEL EXT.)
30,Camila Bañuelos,1981-10-23,rmadrigal@yahoo.com,DE DJIBOUTI
31,Martha María Eugenia Orozco,1979-02-16,pcuellar@hotmail.com,GRANADINA
32,Angélica Casanova Barrios,1996-05-10,cjiminez@yahoo.com,YUGOSLAVA
33,Abraham Julia Méndez,1967-08-14,serratoabigail@hotmail.com,ESLOVENIA
34,Josefina Ruby Vela Mireles,2000-12-17,narmas@hotmail.com,MONGOLESA
35,Lic. Ramón Aguilera,2017-04-09,villalobosmartha@hotmail.com,ANDORRANA
36,Amanda Leyva Ojeda,1966-02-14,laurasaucedo@gmail.com,MONEGASCA
37,Noelia Villegas Alonzo,1959-02-13,juarezgerman@hotmail.com,YUGOSLAVA
38,Nancy David Méndez,1988-01-06,venegasangela@yahoo.com,REINO UNIDO(C. BRIT. DEL EXT.)
39,Araceli Carrasco Rocha,1964-08-23,fidel48@hotmail.com,BURKINA FASO
40,José María Gallardo,2006-05-25,concepcionnoemi@hotmail.com,NEPALESA
41,Abigail Casárez,1986-11-29,marco-antonio08@gmail.com,LAOSIANA
42,Joaquín Curiel,1966-03-06,colungaramon@yahoo.com,MALDIVA
43,María Teresa Gaona Ureña,1978-01-11,psanchez@gmail.com,MARROQUI
44,Federico Antonia Lugo Zapata,1974-08-24,angel44@yahoo.com,BURUNDESA
45,Ing. Leonel Carrillo,1979-07-27,adelavelasquez@hotmail.com,YUGOSLAVA
46,Carlos Maldonado,1979-01-24,concepcion96@gmail.com,DEL QATAR
47,Mateo Olvera Olvera,1994-02-28,noelianoriega@hotmail.com,AUSTRALIANA
48,Mtro. Florencia Hidalgo,1989-03-23,emilio97@yahoo.com,HONDUREÑA
49,Florencia Rosario Figueroa,2015-12-30,juan-carlos60@gmail.com,TURCA
50,Arturo Nadia Zepeda Hidalgo,1952-08-18,jmedrano@gmail.com,LIECHTENSTENSE
51,Lic. Leonor Alba,2015-06-09,spadilla@gmail.com,JAMAIQUINA
52,Lic. Marisela del Río,2016-10-08,maximiliano75@yahoo.com,NORVIETNAMITA
53,Hernán Óliver Rocha,2016-03-26,dgalindo@hotmail.com,SALVADOREÑA
54,Teresa Rebeca Carmona Romero,1964-09-22,tguerrero@gmail.com,"MOLDOVIA, REPUBLICA DE"
55,Alta  Gracia Piña Hinojosa,2012-11-09,czarate@gmail.com,MOZAMBIQUEÑA
56,María Elena Ramiro Muro Longoria,2006-09-02,magdalenalebron@yahoo.com,UGANDESA
57,Sofía Madera,1977-08-28,valenzuelafrida@yahoo.com,RWANDESA
58,Elena Minerva Toledo Muñoz,1954-04-15,rpaz@hotmail.com,TURCA
59,Clemente Estrada Castro,1998-03-09,pamaya@yahoo.com,AUSTRIACA
60,Socorro Jaime Sanabria,1949-08-08,felixmota@hotmail.com,SUDANESA
61,Rodolfo Abelardo Ramón,1957-07-03,maria-jose24@hotmail.com,ARGENTINA
62,Teodoro Escobedo,2009-06-07,perla88@yahoo.com,SINGAPORENSE
63,Mtro. Cecilia Hidalgo,1974-12-24,armaspascual@yahoo.com,MARFILEÑA
64,Estefanía Saiz,1952-08-18,lauraduarte@yahoo.com,REINO UNIDO(C. BRIT. DEL EXT.)
65,Timoteo Meléndez Arriaga,1962-09-27,ignaciopalomo@yahoo.com,ZAMBIANA
66,Emilio Montes,1987-10-05,esther08@gmail.com,HONDUREÑA
67,Wendolin Maximiliano Villegas,1995-04-07,josepreciado@hotmail.com,DE CABO VERDE
68,Sandra Ramón Aponte,1997-03-01,biancasaenz@hotmail.com,ESPAÑOLA
69,Lic. Leticia Tirado,1968-03-25,longoriaabelardo@gmail.com,HOLANDESA
70,Alejandro Tafoya,2018-12-11,ulibarriemilio@hotmail.com,NEPALESA
71,Dr. Rolando Cotto,2001-07-03,dgomez@hotmail.com,SIRIA
72,Augusto Ulibarri,1968-09-25,mitzy26@hotmail.com,GUATEMALTECA
73,Mtro. María Cristina Perea,1993-02-19,fleon@hotmail.com,GAMBIANA
74,Carolina de la Fuente Escobedo,1992-06-29,jimenezmagdalena@hotmail.com,PORTUGUESA
75,Laura Barrios,1958-06-22,galvancitlali@hotmail.com,GUINEA ECUATORIANA
76,Reina Marisol Palomo Ceja,2007-07-18,lsaiz@hotmail.com,ARGELIANA
77,Ángel Laureano Granado,1951-05-28,eduardoramos@gmail.com,ARGELIANA
78,César Luisa Rosas,1991-08-26,blancabravo@gmail.com,GRANADINA
79,Mtro. Delia Guerrero,1987-06-26,paulinarivas@yahoo.com,SUDANESA
80,Nancy Paz del Valle,1973-03-19,leyvagilberto@yahoo.com,AMERICANA
81,Ángel Villareal Olivas,1991-07-31,leonardo87@gmail.com,BULGARA
82,Alfonso Díaz Arias,1950-12-30,olivobenjamin@gmail.com,DEL SAHARA
83,Inés Gabino Guajardo Juárez,1984-02-08,nevarezcarlota@yahoo.com,GUINEA
84,Elena Hernádez Segura,1966-02-13,wilfrido01@yahoo.com,DE CABO VERDE
85,Sr(a). Ofelia Alarcón,1977-11-25,bbalderas@hotmail.com,GRANADINA
86,Linda Vera Guerrero,1965-11-28,velazquezdiego@yahoo.com,BHUTANESA
87,Reynaldo Medina,2009-02-09,orobledo@hotmail.com,SOMALI
88,Rosalia Mireles Candelaria,2009-09-02,hector92@hotmail.com,URUGUAYA
89,Carla Trinidad Mireles Reyna,1972-08-13,mayteresendez@hotmail.com,REINO UNIDO(BRIT. DEL EXT.)
90,Ruby Dalia Vergara,2015-09-14,droybal@yahoo.com,TOGOLESA
91,Dr. Gabriel Díaz,2008-12-05,irmabetancourt@hotmail.com,AUSTRALIANA
92,Marco Antonio Julio Sauceda,1973-01-17,reynaldo48@yahoo.com,SAMOANA
93,Lic. José María Treviño,1984-11-30,gregorioecheverria@gmail.com,URUGUAYA
94,Mitzy Zamora Díaz,2016-10-24,pereamicaela@yahoo.com,SOVIETICA UCRANIANA
95,Julio César Navarro,1980-09-19,kesquibel@gmail.com,LIECHTENSTENSE
96,Linda Urrutia Valladares,1958-07-30,maria67@yahoo.com,TURCA
97,María Luisa Sofía Alejandro,1949-02-04,evelio59@hotmail.com,MALAWIANA
98,Bianca Homero Gil Carvajal,1960-02-20,orellanaeugenio@hotmail.com,ARGELIANA
99,Cristobal María del Carmen Ponce,1962-01-10,icorona@gmail.com,REINO UNIDO
100,Cristobal Renato Toledo,2012-09-18,zmonroy@gmail.com,BHUTANESA
101,Dr. Raúl Mascareñas,2000-06-18,adan86@hotmail.com,SWAZI
102,David Reyes,1958-05-28,malaveamanda@gmail.com,REINO UNIDO(C. BRIT. DEL EXT.)
103,Celia Puga,2010-08-26,lrios@hotmail.com,CHINA
104,Rebeca de Jesús Alarcón,1997-03-15,mercadomagdalena@yahoo.com,DANESA
105,Mtro. José Luis Bueno,2018-07-10,estebanllamas@gmail.com,FIJIANA
106,Jesús Escamilla,1997-08-02,reynaldochacon@yahoo.com,RUMANA
107,Mario Cecilia Zarate,1949-10-02,guillermina14@hotmail.com,COSTARRICENSE
108,Julio Elvira Salcedo,1993-06-24,zmanzanares@gmail.com,MALTESA
109,Agustín Sessa Arenas,1950-07-27,eescamilla@yahoo.com,MACEDONIA
110,Noemí de la Rosa,1975-05-14,esperanzaalvarez@gmail.com,COSTARRICENSE
111,Ing. Óscar Rolón,1966-06-29,wserna@gmail.com,PANAMEÑA
112,Reina Gabino Olivera Sanabria,2010-08-21,sessacotto@gmail.com,DEL SAHARA
113,Lic. Ivonne Barrera,1968-03-07,esther62@gmail.com,HAITIANA
114,Alfredo Felix Lozano Moreno,2002-11-30,lorenzo76@hotmail.com,DANESA
115,Benjamín Enrique Bustos Niño,2000-08-07,sergio36@yahoo.com,MARFILEÑA
116,Cristina Cadena Casas,2005-01-09,tellouriel@yahoo.com,REINO UNIDO(C. BRIT. DEL EXT.)
117,Mariano Peres Verduzco,2002-05-18,estelaarias@yahoo.com,DE DJIBOUTI
118,Diego Longoria Corral,1972-06-23,friasgerman@hotmail.com,SURINAMENSE
119,Dr. Juan Jaime,1958-03-22,diego26@hotmail.com,NIGERINA
120,Alberto Molina Quiroz,1984-08-23,emaya@gmail.com,GUINEA ECUATORIANA
121,Israel Vásquez Ballesteros,1968-06-19,salazarcitlali@yahoo.com,SAN MARINENSE
122,Abigail Isabel Carranza Gurule,1990-01-07,estela38@yahoo.com,ESTONIA
123,Lic. Roberto Vega,2013-09-01,ozunacamila@hotmail.com,ESTONIA
124,Lic. Federico García,1968-07-07,agomez@yahoo.com,HOLANDESA
125,Jesús Isaac Medina Molina,1967-09-12,sanchesantonia@gmail.com,ARABE
126,Dr. Norma Garay,1976-07-29,barbara86@gmail.com,CHILENA
127,Aurelio Federico Salcedo Tejeda,1967-12-15,munizclara@hotmail.com,ESTONIA
128,Dr. Armando Cervantes,1993-05-31,canguiano@hotmail.com,GABONESA
129,Mónica Nayeli Cortés,2003-05-01,bustosaurora@hotmail.com,PERUANA
130,Oswaldo Ledesma Benavídez,2001-03-10,leonardo41@yahoo.com,SINGAPORENSE
131,Benito Rico,1959-08-07,gabriela30@hotmail.com,RWANDESA
132,Carlota Araceli Balderas Quintero,1949-08-02,wilfrido68@gmail.com,ESTADOUNIDENSE
133,Anel Angélica Rojo,2007-11-04,gomezsusana@gmail.com,PUERTORRIQUEÑA
134,Rodolfo Haro,1992-05-14,yvalencia@yahoo.com,ANGOLESA
135,Felipe Loya,2004-06-28,hernan49@yahoo.com,PORTUGUESA
136,Paola Zacarías Rojas,1972-01-07,hermelinda81@gmail.com,ISRAELI
137,Gloria Silvia Limón,2000-05-06,ksaenz@yahoo.com,SUDCOREANA
138,Luisa Jorge Luis Campos,1951-09-06,oroscozeferino@gmail.com,DE SANTO TOME
139,Aldo Durán Carreón,1999-02-10,jacobo16@yahoo.com,CHECOSLOVACA
140,Nayeli Castellanos,1961-05-15,oaguilera@hotmail.com,ISLANDESA
141,Diego Javier Cintrón Otero,1984-08-25,estelapuente@gmail.com,NORVIETNAMITA
142,María Luisa Corral Rosales,2011-09-01,caridadrivas@hotmail.com,CANADIENSE
143,Leonor Baca Armendáriz,1996-12-16,villarealrodrigo@gmail.com,PANAMEÑA
144,Lucas Esmeralda Serna Urbina,1994-02-17,blancarico@hotmail.com,NICARAGUENSE
145,Rosa Iván Carbajal Nava,1999-10-11,rolandovazquez@hotmail.com,HAITIANA
146,Javier Mata,1999-01-02,yreyna@gmail.com,LITUANIA 
147,Ing. Raúl Zamora,1987-07-04,valleshomero@yahoo.com,DE ZIMBAWI
148,Alta  Gracia Cecilia Valladares Bernal,1972-03-12,jonas06@gmail.com,URUGUAYA
149,Georgina Valenzuela Bustos,1957-10-10,auroraalfaro@yahoo.com,SENEGALESA
150,Felix Sonia Carmona,1985-09-29,biancabotello@hotmail.com,LESOTHENSE
151,Jonás Héctor Guillen Solorzano,1951-03-26,mquezada@gmail.com,VENEZOLANA
152,Sr(a). Israel Guajardo,1981-12-08,zquintanilla@gmail.com,MAURITANA
153,Reina Amanda Olivo,1983-06-07,grijalvabenjamin@hotmail.com,AUSTRALIANA
154,Bianca Arturo de la Torre,1984-12-06,olivia10@hotmail.com,TANZANIANA
155,Octavio Evelio Zamora Canales,1991-06-06,julia80@gmail.com,LESOTHENSE
156,Julio Porras Gil,2001-05-22,horacio31@gmail.com,CAMERUNESA
157,Agustín Gerónimo Alva Madrid,2018-11-05,elvirazamora@hotmail.com,SWAZI
158,Dolores Dulce María Sarabia,1963-07-14,esperanzasaavedra@yahoo.com,NICARAGUENSE
159,Oswaldo Dulce Gamboa Niño,1960-10-08,ybarajas@hotmail.com,REINO UNIDO
160,José Carlos Isabel Sotelo Jurado,1986-12-19,pamelasanches@gmail.com,PUERTORRIQUEÑA
161,Yeni Barbara Cazares,2000-06-09,castillocecilia@yahoo.com,HONDUREÑA
162,Dr. Pascual Cardenas,1978-08-10,danielaviles@gmail.com,DOMINICA
163,Estela Gallegos,1981-09-29,oscar57@yahoo.com,PAPUENSE
164,Felipe Julio Maya Alfaro,2015-10-01,vigildalia@hotmail.com,REINO UNIDO(BRIT. DEL EXT.)
165,Ana María Zamora Vergara,1966-06-09,ocorrales@hotmail.com,GAMBIANA
166,Víctor Teresa Tijerina Henríquez,1950-04-27,fernandozuniga@yahoo.com,SUDANESA
167,Diana Benito Bustos,1998-11-20,cardonaramon@gmail.com,SUDANESA
168,Sr(a). Virginia Becerra,1991-02-27,lunareynaldo@yahoo.com,ARABE
169,Norma Ariadna Perea,1968-08-18,omesa@hotmail.com,ESLOVACA
170,Rolando Arteaga,1957-06-19,cristobal35@hotmail.com,SUDAFRICANA
171,Ing. Rosario Ojeda,2010-02-19,pilar66@hotmail.com,DOMINICANA
172,Lic. Ernesto Franco,2017-01-17,uriel05@hotmail.com,GRIEGA
173,Dr. Julio Calvillo,1993-04-12,ymontanez@yahoo.com,ESTONIA
174,Tomás Borrego Caballero,2011-04-04,david81@hotmail.com,AMERICANA
175,Indira Casillas Mojica,1998-11-22,florenciatijerina@gmail.com,REINO UNIDO(BRIT. DEL EXT.)
176,Úrsula Octavio Parra Alvarez,1975-03-14,ssolano@yahoo.com,COSTARRICENSE
177,Ramón Guevara Montez,2000-08-20,nancy49@yahoo.com,COMORENSE
178,Dr. Eugenia Gallardo,1970-01-16,ngomez@hotmail.com,NICARAGUENSE
179,Isabela Navarro Avilés,1956-08-14,rlozada@gmail.com,SINGAPORENSE
180,Lic. Elena Mares,1990-06-26,esparta42@hotmail.com,SUDANESA
181,Lic. Rafaél Angulo,1959-08-12,arcelialara@hotmail.com,BOLIVIANA
182,Ing. Adela Villa,1960-12-20,maciasaida@yahoo.com,CENTRO AFRICANA
183,Emilia Pamela Navarro,2014-06-27,javieresparza@gmail.com,AUSTRALIANA
184,Indira Julia Vargas,1975-09-27,hernadezlaura@yahoo.com,ALBANESA
185,Estefanía Francisco Javier Valadez Jimínez,2005-08-06,iarellano@hotmail.com,HOLANDESA
186,José Luis Alemán Benítez,1978-10-09,galeman@hotmail.com,GRANADINA
187,Elias Reina Escobedo,1966-07-14,dolores00@hotmail.com,DEL QATAR
188,César Malave,2001-04-26,alfonso95@hotmail.com,DE BENNIN
189,Lorenzo Armendáriz Cervántez,1957-05-16,jonassaucedo@hotmail.com,CAMERUNESA
190,Pedro Villagómez de la Fuente,1956-07-31,pperalta@yahoo.com,CHINA
191,Mtro. Aurora Garibay,1977-01-08,kperales@gmail.com,BRASILEÑA
192,Leonel Manuel Moya,1988-11-29,rosalesroberto@yahoo.com,GUINEA ECUATORIANA
193,Vanesa Posada,2006-02-03,abigailulloa@yahoo.com,NEPALESA
194,Pedro Haro Caballero,1976-01-07,bsuarez@hotmail.com,DEL QATAR
195,Trinidad Cristobal Mesa,2008-08-19,franciscolebron@gmail.com,REINO UNIDO(C. BRIT. DEL EXT.)
196,Amador Omar de Anda,1991-01-04,citlali28@yahoo.com,MALTESA
197,Linda Amanda Godínez Puga,2006-10-23,daniela85@yahoo.com,DE CABO VERDE
198,Lic. Amador Gastélum,1961-04-27,gregoriopelayo@hotmail.com,HINDU
199,Estela Wilfrido Verduzco Cotto,2015-11-17,felipelucio@hotmail.com,SINGAPORENSE
200,Camila Virginia Gamboa Arreola,1977-05-06,qaranda@hotmail.com,VENEZOLANA
201,María Teresa Socorro Ocasio Burgos,1985-05-20,timoteo97@hotmail.com,NAMIBIANA
202,Antonio Valle,1995-08-16,tvaldivia@hotmail.com,"MOLDOVIA, REPUBLICA DE"
203,Jacobo Pantoja Sepúlveda,1983-03-17,ipantoja@yahoo.com,LIECHTENSTENSE
204,Lic. Úrsula Apodaca,1977-09-28,eduardo52@gmail.com,PARAGUAYA
205,José Emilio Wendolin Batista,1950-02-20,calvillosalvador@hotmail.com,CHECOSLOVACA
206,Ing. Aldo Munguía,1987-06-03,caridad47@hotmail.com,DANESA
207,José Luis Nancy Feliciano Abrego,2010-11-25,saldanageronimo@yahoo.com,DE BENNIN
208,Violeta Karina Baeza,1949-12-23,xbarreto@yahoo.com,BIRMANA
209,Anabel Mariano Tórrez Lozada,1957-12-27,wquintero@gmail.com,CHILENA
210,Eduardo Pelayo,1959-08-31,mmontoya@yahoo.com,BIRMANA
211,Ing. Jorge Centeno,1970-03-09,cristalmarquez@yahoo.com,DE BAHREIN
212,Conchita Eloy Ayala Cruz,2009-12-01,maciasestela@yahoo.com,ESLOVAQUIA
213,Carmen Emilia Garibay,2017-01-17,jaquelinesegura@gmail.com,DE BARBADOS
214,Camila Gallegos,2006-02-27,eloyllamas@yahoo.com,GUINEA ECUATORIANA
215,Raquel Jaqueline Valadez,1968-05-12,bdelgadillo@hotmail.com,PANAMEÑA
216,Renato Villalpando Barrios,2012-06-30,almagarica@gmail.com,RUMANA
217,Natividad Prieto,1978-12-28,xquinones@gmail.com,MALDIVA
218,Mitzy Beltrán Monroy,1957-01-21,msantacruz@gmail.com,AUSTRIACA
219,Sessa Ángel Galarza Luna,1955-10-30,barbara06@yahoo.com,MOZAMBIQUEÑA
220,Sofía Carrasco,2012-07-19,jose-luisgutierrez@hotmail.com,ARGELIANA
221,Gabino Valverde Lemus,1992-06-16,aurora04@yahoo.com,MALIENSE
222,Indira Valdés Ruelas,1961-04-07,barbarade-la-cruz@gmail.com,"MOLDOVIA, REPUBLICA DE"
223,Leticia Estrada,2000-07-31,gsepulveda@hotmail.com,CONGOLESA
224,Susana Maestas,1962-04-09,jimenezmarisol@yahoo.com,SURINAMENSE
225,Javier Laboy,1972-08-11,vcepeda@yahoo.com,HINDU
226,José Manuél Benjamín Villareal Arguello,2007-06-28,fariasguillermo@gmail.com,ANDORRANA
227,María Teresa de León Madrid,1957-04-15,natividad89@yahoo.com,RWANDESA
228,Asunción Micaela Arroyo Ocasio,1981-05-16,juan01@yahoo.com,DOMINICA
229,Víctor Ordóñez Peres,2004-08-02,leticiaolmos@gmail.com,MALAWIANA
230,Abigail Nayeli Ayala Franco,2006-07-06,kde-la-cruz@gmail.com,SAMOANA
231,Berta Bermúdez,1979-12-12,socorrorodrigez@yahoo.com,CHILENA
232,Felix Agustín Ozuna Alvarez,1986-03-27,mitzycontreras@yahoo.com,GUATEMALTECA
233,Silvia Lozano de la Rosa,1956-03-14,pascual68@hotmail.com,LUXEMBURGUESA
234,Marco Antonio Lorena Velasco Delgado,2016-05-05,bbarreto@gmail.com,BIRMANA
235,Lic. María Eugenia Lara,2014-02-03,riojasteodoro@hotmail.com,CANADIENSE
236,Dr. Úrsula Roldán,1952-09-14,sara46@hotmail.com,IRAQUI
237,Francisco Javier Santiago Negrete Ferrer,1966-08-14,marisela38@hotmail.com,NORUEGA
238,Carlos Adame,2002-12-20,bernardode-la-cruz@gmail.com,DE ZIMBAWI
239,Lic. Pablo Borrego,1988-07-17,reyesmartin@gmail.com,NICARAGUENSE
240,Dr. Lorena Arellano,1954-11-06,wavila@hotmail.com,SOVIETICA UCRANIANA
241,Luz Salvador Sandoval,1978-12-15,amanda02@yahoo.com,ETIOPE
242,Sergio Óliver Salcedo Casillas,2011-03-04,gloriaanaya@hotmail.com,BULGARA
243,Pedro Munguía,1993-01-02,collazodulce@gmail.com,HOLANDESA
244,Inés Osorio,1964-04-28,becerraolga@hotmail.com,SOVIETICA BIELORRUSA
245,Rosa Jacinto Arevalo,1968-10-04,yolanda54@hotmail.com,PANAMEÑA
246,Ing. Victoria Romo,1965-04-01,olivarezsalvador@yahoo.com,NEPALESA
247,Lic. Antonia Serrano,1980-07-24,salvadoralarcon@hotmail.com,MALTESA
248,Paulina Bonilla,1991-12-02,esparta69@yahoo.com,FRANCESA
249,Martín Fabiola Posada Torres,2001-05-09,cbadillo@gmail.com,PERUANA
250,Ing. Mitzy Venegas,1979-03-14,hmagana@gmail.com,NIGERIANA
251,Sr(a). Noemí Valenzuela,1961-02-05,judithtoledo@gmail.com,NORCOREANA
252,Celia Felipe Valverde,1996-10-10,adanadame@gmail.com,OMANESA
253,Andrés María Luisa Franco Gaitán,1992-08-24,jose-emilio48@yahoo.com,RWANDESA
254,Sergio Linda Cabrera Valdez,1991-08-11,sandranevarez@yahoo.com,IRLANDESA
255,Guillermina Ruby Carbajal Sisneros,1970-05-19,velizamalia@hotmail.com,NIGERIANA
256,Asunción Garay,1996-04-19,bruno80@hotmail.com,HINDU
257,José Carlos Luz Ocampo Zedillo,1966-05-23,hugo39@gmail.com,NAURUANA
258,Mtro. Concepción Polanco,1983-08-31,acarmona@hotmail.com,ESPAÑOLA
259,Paulina Ofelia Vergara Almanza,1962-01-03,ruizabigail@yahoo.com,SUIZA
260,Eduardo Emiliano Valle,1983-10-14,davilaalberto@gmail.com,MALDIVA
261,Adela Joaquín Madrigal de la Rosa,1982-10-23,mmoya@gmail.com,SAMOANA
262,Guillermina Segura,1964-06-03,gquintanilla@gmail.com,CHILENA
263,Andrés Rivas Heredia,1993-02-22,ignaciorazo@hotmail.com,MARROQUI
264,Julio Víctor Collado,2011-04-15,medranojonas@yahoo.com,DE BAHREIN
265,Nadia Leticia Granado Fajardo,1976-01-06,esmeralda72@yahoo.com,COMORENSE
266,Wilfrido Dalia Jaramillo,2016-06-30,omadera@hotmail.com,PANAMEÑA
267,Irma Antonio Baca,1952-12-13,jose-luis20@yahoo.com,NAMIBIANA
268,Juan Carlos María Eugenia Pabón del Valle,1994-01-25,ruben72@gmail.com,SOVIETICA UCRANIANA
269,Sr(a). Inés Vélez,1985-06-04,pinedajose-eduardo@hotmail.com,JAPONESA
270,Luis Manuel Ordóñez,2015-10-16,itello@hotmail.com,SUDCOREANA
271,Rebeca Claudio Ontiveros,2008-12-23,miriampaez@yahoo.com,REINO UNIDO
272,Ruby Reséndez,2002-10-09,hlaureano@yahoo.com,SOMALI
273,Dulce María Calvillo,1978-11-29,mateomiriam@hotmail.com,MALAWIANA
274,Zeferino Cervántez,1991-11-09,oliveramiriam@yahoo.com,CAMBOYANA
275,Eloy Elias Cortez,1965-03-18,sledesma@hotmail.com,REINO UNIDO
276,Oswaldo Meza Gollum,1985-10-28,lverduzco@yahoo.com,PERUANA
277,Karla Mariana Reynoso Bustamante,2006-04-06,jose-manuelhurtado@hotmail.com,MAURICIANA
278,Samuel Diana Pichardo Loera,2016-01-01,de-la-rosafrida@yahoo.com,NORUEGA
279,Miguel Luis Manuel Caraballo,1960-01-09,dparra@gmail.com,PERUANA
280,Dalia María Elena Padrón,2016-06-22,roberto47@yahoo.com,CHADIANA
281,Luis Miguel León Bueno,2003-12-14,montemayorcitlali@gmail.com,BOLIVIANA
282,Dr. María Luisa Alcaraz,1989-04-12,trinidadmurillo@gmail.com,URUGUAYA
283,Oswaldo Vanegas,1987-10-02,aurelio40@hotmail.com,GUINEA
284,Reynaldo Colón,1975-09-22,partidanorma@gmail.com,COLOMBIANA
285,Liliana Paulina Loera,1974-11-08,marcos17@hotmail.com,AUSTRIACA
286,Esmeralda Martín Arriaga,2013-07-17,xmurillo@gmail.com,SINGAPORENSE
287,Silvano María Canales Lara,2016-08-08,rodolfoguzman@hotmail.com,KUWAITI
288,Francisco Javier Mesa,2002-01-22,olivofelipe@yahoo.com,ISLANDESA
289,Sr(a). Gerónimo Jaimes,1992-12-31,mondragonaurelio@yahoo.com,PAPUENSE
290,Guillermina Mauricio Ramón Segovia,1999-07-23,omontemayor@yahoo.com,LIECHTENSTENSE
291,Mayte Corrales Bahena,1975-07-25,jesus88@yahoo.com,SUECA
292,Aurelio Jurado,2006-01-14,kabrego@hotmail.com,DEL SAHARA
293,Sara Lemus Flores,1978-04-20,trazo@yahoo.com,MICRONECIA
294,Ana Menchaca Meza,2008-08-22,mmorales@hotmail.com,CUBANA
295,Sr(a). Raúl Casillas,2009-10-27,lcaballero@yahoo.com,PUERTORRIQUEÑA
296,Sr(a). Manuel Villalobos,1989-02-08,leonelarriaga@hotmail.com,DEL QATAR
297,Jerónimo Aguilar,2004-10-08,rosassocorro@hotmail.com,MALTESA
298,Mtro. Mitzy Solorio,1954-01-03,menchacagabriela@hotmail.com,GUYANESA
299,Ramiro Portillo,1957-03-06,hilda23@gmail.com,TRINITARIA
300,Leonor Solorio,2017-10-09,hortiz@yahoo.com,AMERICANA
301,Bianca Cotto,1964-02-12,margarita20@yahoo.com,COLOMBIANA
302,Marcos Escobar Murillo,1955-11-01,lilianasaiz@gmail.com,ESPAÑOLA
303,Aldo Blanca Gamboa Bueno,2001-10-26,alvarezanabel@gmail.com,DE BENNIN
304,Zoé Henríquez Leiva,1950-04-12,felix08@yahoo.com,JORDANA
305,Inés Rangel Matías,1950-11-15,raquelguajardo@gmail.com,MARROQUI
306,Porfirio Maestas,1978-11-16,blanca73@gmail.com,MAURICIANA
307,Reina Soliz Madrigal,1954-05-21,gonzalesluis-miguel@yahoo.com,TOGOLESA
308,Josefina Castillo Rangel,1990-03-11,gaytanyolanda@hotmail.com,GAMBIANA
309,Eva Leticia Saavedra de la Rosa,1952-09-06,blancabarajas@gmail.com,DOMINICANA
310,Emilio Toro Campos,1976-08-22,candelarialuz@hotmail.com,RUMANA
311,Dr. Nicolás Alva,1989-06-02,pilar18@gmail.com,SANTA LUCIENSE
312,Cynthia Leiva Mota,1993-04-11,matiaspedro@hotmail.com,MARFILEÑA
313,Leticia Minerva Rodarte Sanabria,1953-01-30,tponce@gmail.com,FINLANDESA
314,Mtro. Alta  Gracia Cervantes,1973-05-05,norma31@gmail.com,AFGANA
315,Lic. María Cristina Hinojosa,1985-09-10,melgartomas@hotmail.com,ESLOVACA
316,Dr. Esparta Cervántez,1998-06-06,porrasgregorio@gmail.com,COLOMBIANA
317,Ing. Luisa Mesa,1976-03-05,octaviozarate@gmail.com,MONEGASCA
318,Trinidad Abril Medina Castro,1975-08-02,wlira@yahoo.com,PAKISTANI
319,Gabriel Jorge Luis Cervantes Menéndez,2002-03-07,mendozalucia@gmail.com,ALBANESA
320,Elias Quiñónez,1973-03-13,irma79@hotmail.com,BAHAMEÑA
321,Linda César Malave,1981-12-27,ggallardo@yahoo.com,ESLOVAQUIA
322,Dr. Alta  Gracia Archuleta,1998-06-01,luisagil@hotmail.com,VATICANA
323,Ing. Irma Zamudio,1956-08-04,luisapalomino@gmail.com,VENEZOLANA
324,Lic. Óliver Sosa,1961-09-24,fmaldonado@yahoo.com,TRINITARIA
325,Guadalupe Zeferino Perea Carrasco,2002-05-10,ricardo40@hotmail.com,ALBANESA
326,Lic. Gerardo de la Rosa,2011-05-23,hermelinda16@yahoo.com,BELGA
327,Paulina Estefanía Abreu Gaona,1969-09-16,maganadaniel@gmail.com,MALASIA
328,Esmeralda Sandoval,1998-01-04,alonsosaucedo@hotmail.com,BHUTANESA
329,René Nadia Villareal Lozada,1987-08-07,diego80@yahoo.com,SENEGALESA
330,Sr(a). Héctor Cintrón,2014-02-22,ignaciobeltran@hotmail.com,LUXEMBURGUESA
331,Cristina Citlali Valles,1998-12-20,cisnerosilse@hotmail.com,VENEZOLANA
332,Frida Josefina Valentín Urrutia,1991-05-15,pinaconchita@yahoo.com,DE BAHREIN
333,Carmen Cuellar Esquibel,1999-05-11,joaquinocampo@gmail.com,COSTARRICENSE
334,Ivonne Héctor Guzmán López,1998-07-16,modestoarredondo@hotmail.com,CHILENA
335,Raúl Meraz,1958-10-22,nievesreina@yahoo.com,REINO UNIDO(C. BRIT. DEL EXT.)
336,Emiliano Arcelia Colón Solano,1973-07-08,jquiroz@yahoo.com,CHIPRIOTA
337,Andrés Peña Mora,1970-02-04,nunezoliver@gmail.com,SAN MARINENSE
338,Irene Adán Juárez,2010-07-14,alonsomena@yahoo.com,HOLANDESA
339,Paulina Andrés Barrios,2018-01-25,emiliano18@hotmail.com,NEPALESA
340,Esther María del Carmen Rendón Serrano,1984-08-15,ruben84@gmail.com,SOMALI
341,Sofía Valentín Bernal,2005-08-14,dluevano@gmail.com,NICARAGUENSE
342,Yuridia Luna Godínez,1978-12-04,maximiliano13@hotmail.com,SOVIETICA BIELORRUSA
343,Arcelia Villalobos Palacios,2003-08-18,sergio11@hotmail.com,FIJIANA
344,Elias Menchaca Tijerina,1990-12-18,abregodebora@yahoo.com,NAURUANA
345,Mateo Negrón,1978-09-11,ameliaescobar@gmail.com,TRINITARIA
346,Leonor Girón Haro,2001-05-17,gilbertolemus@hotmail.com,TUNECINA
347,Manuel Villalpando Cardenas,1998-10-07,moralestomas@hotmail.com,ETIOPE
348,Germán Castro,1964-10-14,diego84@yahoo.com,MARROQUI
349,Mtro. Citlali Raya,1983-11-22,de-la-cruzroberto@gmail.com,NICARAGUENSE
350,Úrsula David Collazo Verduzco,1963-01-18,ayalaalonso@hotmail.com,MARFILEÑA
351,Pamela Evelio Meraz,1963-03-21,angelalva@hotmail.com,AUSTRALIANA
352,Tania Adela Nava Leal,1992-12-19,hilda74@hotmail.com,BRASILEÑA
353,Mtro. Sofía Olivera,1989-01-28,fernandobarrios@hotmail.com,MONGOLESA
354,Arcelia Negrón Loya,1991-03-07,lsantacruz@yahoo.com,RWANDESA
355,Judith Rubén Razo,2018-01-30,zmejia@gmail.com,ITALIANA
356,Julio Cecilia Hernandes Sáenz,1998-02-15,enrique41@hotmail.com,DE BARBADOS
357,Ramiro Villaseñor Camarillo,1962-02-05,homero87@yahoo.com,ISRAELI
358,Carla Páez Camarillo,1949-05-18,valverdecarlos@hotmail.com,FRANCESA
359,Fabiola Alcaraz,1984-04-16,iglesiasesteban@gmail.com,DE SANTO TOME
360,Alejandro José Emilio Osorio,1979-06-05,omar58@yahoo.com,CHILENA
361,Ing. Antonia Valverde,2017-01-06,jaquelinebenavidez@yahoo.com,CONGOLESA
362,Rolando Cedillo,1979-08-11,pbenavides@gmail.com,LIECHTENSTENSE
363,Delia Norma Meléndez Rosado,1991-02-22,leoneltrujillo@hotmail.com,TRINITARIA
364,Gabriela Echeverría,2003-05-30,elisaharo@yahoo.com,YEMENI
365,Guillermina Urrutia,1981-08-28,marincarlos@gmail.com,NAMIBIANA
366,Blanca Guillermina Almonte,1960-04-22,arguellojudith@hotmail.com,GABONESA
367,Wilfrido Ulloa,1956-05-11,quinoneseduardo@yahoo.com,ARGELIANA
368,Cristobal Almonte Barragán,1995-10-21,bustosanabel@yahoo.com,CONGOLESA
369,Mayte Emiliano Batista Alfaro,1971-04-27,ccazares@yahoo.com,AUSTRIACA
370,Anel Liliana Ulloa Puga,1979-01-15,pascualtirado@gmail.com,BELGA
371,Verónica Arcelia Ordóñez,1954-09-23,jose-mariasamaniego@yahoo.com,INDONESA
372,Verónica Rincón Valle,2018-12-01,abrahamgaytan@gmail.com,GUATEMALTECA
373,Sr(a). Sandra Maestas,1955-03-19,arreolatomas@gmail.com,MALAWIANA
374,Modesto Serna,1980-06-05,arceliaperalta@hotmail.com,MAURICIANA
375,Eloisa Vera Alfaro,1985-12-06,zcrespo@hotmail.com,YUGOSLAVA
376,Trinidad Aida Santana,1960-10-30,laura43@hotmail.com,SALVADOREÑA
377,Silvano Valencia,1967-08-11,jacobo56@hotmail.com,LIBIA
378,Lic. Pilar Garay,2009-02-02,blancomarcos@gmail.com,SIRIA
379,Eva Narváez,1981-10-12,victor94@yahoo.com,MARROQUI
380,Wilfrido Zamudio Armas,2018-05-07,zepedaluis-manuel@hotmail.com,MALTESA
381,Rosa Trejo Vélez,2014-03-15,tozuna@hotmail.com,BRITANICA
382,René Mariano Berríos,2013-01-06,espartasaucedo@gmail.com,TAIWANESA
383,Mtro. Esperanza Sáenz,1976-09-10,svillegas@yahoo.com,VATICANA
384,Sr(a). Nadia Arriaga,1952-06-17,camposjonas@hotmail.com,KIRGUISTAN
385,Zoé Salvador Valentín,1989-09-22,sosajos@gmail.com,BELICEÑA
386,Claudio Leiva,1982-09-21,lopezfrancisco-javier@gmail.com,KIRGUISTAN
387,Bernardo Francisco Mojica Batista,2015-06-22,olmoshector@hotmail.com,LIECHTENSTENSE
388,Anel Gómez,1965-03-05,paulina32@hotmail.com,UGANDESA
389,Lic. Diana Barajas,1996-08-09,dario81@gmail.com,PAKISTANI
390,Esparta Menchaca,2009-09-28,zacarias37@hotmail.com,IRLANDESA
391,Aldo Olga Colón Salcido,1992-06-10,rubenrodarte@gmail.com,NORCOREANA
392,Ing. Irene Guajardo,1977-03-27,ofelia39@yahoo.com,ARGELIANA
393,Alvaro Reyna Baeza,1964-02-01,palominoreynaldo@hotmail.com,SIRIA
394,Mtro. Pascual Moreno,1959-12-25,manuelalejandro@gmail.com,BELGA
395,Víctor Ledesma,2013-10-03,eresendez@gmail.com,GAMBIANA
396,Héctor Gilberto Carmona,1964-02-07,teresamontez@gmail.com,SANTA LUCIENSE
397,Ofelia Jaramillo Soliz,2000-08-23,rbetancourt@gmail.com,CUBANA
398,Helena Zarate,1981-02-18,berriosmaria@hotmail.com,BHUTANESA
399,Elvia Alcala Almanza,2006-10-14,salvadorsepulveda@hotmail.com,MALDIVA
400,Gerónimo Rascón,1995-02-25,teodoro29@gmail.com,BRASILEÑA
401,Lic. Paulina Amaya,2006-11-29,raulflorez@gmail.com,SANTA LUCIENSE
402,Federico Peralta,2014-11-25,salazarivan@hotmail.com,SWAZI
403,Pilar Carrión,2001-09-24,irizarryeva@yahoo.com,URUGUAYA
404,Elvia Pichardo Mota,2006-08-01,eugenia06@yahoo.com,SALVADOREÑA
405,Esteban Badillo Jaramillo,1983-09-12,gilberto12@hotmail.com,GUINEA ECUATORIANA
406,Gabino Ochoa Cazares,1982-08-28,juanmarquez@yahoo.com,VENEZOLANA
407,Dolores Ulibarri Negrón,2010-09-25,de-jesusbarbara@yahoo.com,NORUEGA
408,Abel Loera,2005-12-13,noelia02@yahoo.com,PARAGUAYA
409,Luisa Bianca Montalvo Rincón,2010-09-04,gaitanitzel@hotmail.com,PANAMEÑA
410,Pedro Rebeca Montoya Abreu,1986-03-07,lebronmartha@yahoo.com,REINO UNIDO(C. BRIT. DEL EXT.)
411,Yeni Limón,1953-04-24,osarabia@gmail.com,SALOMONESA
412,Zacarías Cabán,1968-05-29,ylinares@yahoo.com,BURKINA FASO
413,Felipe Ramiro Serrano Berríos,2007-01-24,ecollado@gmail.com,COLOMBIANA
414,Dr. Dalia Fonseca,1988-04-07,vacapilar@gmail.com,NORCOREANA
415,Abel Preciado,1952-10-12,aureliocarranza@hotmail.com,CENTRO AFRICANA
416,Víctor Guadalupe Saldaña,2018-02-17,liliasolano@gmail.com,LIBIA
417,Dr. Antonio Alonso,1970-04-07,esteban86@yahoo.com,RUMANA
418,José Paz Bustos,1970-07-09,pbarraza@hotmail.com,LIBIA
419,Lic. Carlos Pichardo,1990-09-12,modesto57@gmail.com,MALIENSE
420,Hermelinda Zayas Apodaca,2001-09-07,genarogalvez@gmail.com,MACEDONIA
421,Paulina Sauceda,2006-08-24,dguillen@hotmail.com,REINO UNIDO(BRIT. DEL EXT.)
422,Ana Mario Mesa Trujillo,1993-05-25,ramiro28@gmail.com,ZAIRANA
423,Gerardo Villaseñor,1957-09-25,ngallardo@hotmail.com,OMANESA
424,Ramón Dalia Negrón,1987-04-16,corralluis-manuel@hotmail.com,MEXICANA
425,Luis Ricardo Monroy,2003-06-29,luisaalcaraz@hotmail.com,SALVADOREÑA
426,Timoteo Olivas,1957-04-03,juan87@yahoo.com,SENEGALESA
427,Sr(a). Delia Carbajal,1985-03-22,uvaldivia@yahoo.com,VENEZOLANA
428,René Contreras Mercado,2007-01-05,itzelfigueroa@hotmail.com,ARGENTINA
429,Olga Madrid,2011-06-02,del-vallecelia@hotmail.com,ESLOVENIA
430,Irene Cordero Aranda,1952-12-20,imerino@hotmail.com,SUDAFRICANA
431,Patricia Isabel Varela,2008-04-18,juan-carlosveliz@hotmail.com,PAKISTANI
432,Dr. Susana Gaitán,2010-05-12,pcastro@hotmail.com,HAITIANA
433,Dr. Evelio Leiva,1948-12-07,taniatellez@hotmail.com,YUGOSLAVA
434,Espartaco Barragán,1991-02-24,amalia07@gmail.com,FILIPINA
435,Miriam Anabel Arce,2008-02-27,oromo@hotmail.com,IRLANDESA
436,Nelly Orozco Ulibarri,1971-05-31,evera@gmail.com,EGIPCIA
437,Beatriz Rivas,1954-01-20,becerradaniel@gmail.com,TOGOLESA
438,Octavio Darío Duarte Carmona,1959-07-03,olivia24@yahoo.com,IRAQUI
439,Martha Armenta,1991-03-22,pmacias@yahoo.com,SUDAFRICANA
440,Manuel Padrón Verduzco,1961-04-03,monicaholguin@gmail.com,TANZANIANA
441,María Eugenia Muñoz,2012-03-22,eloisacolon@gmail.com,ANDORRANA
442,Ing. Eric Chavarría,2002-07-03,olivianieves@yahoo.com,CHINA
443,Gerardo Eugenia Blanco,1977-06-20,carrascojudith@gmail.com,LIBERIANA
444,Tomás Omar Gonzales Bustamante,1960-10-02,chaconbarbara@yahoo.com,ZAIRANA
445,Mtro. Luisa Menchaca,1967-04-05,vicentevalentin@yahoo.com,HAITIANA
446,Francisco Abigail Espinosa,1961-09-24,irmaquinonez@gmail.com,SUDANESA
447,Diana Reynaldo Iglesias García,2004-03-30,leticiamontenegro@yahoo.com,BAHAMEÑA
448,Indira Liliana Armas Reséndez,1979-02-07,arroyoignacio@yahoo.com,FINLANDESA
449,Ana Andrés Villanueva Valenzuela,1997-07-16,cornelio26@hotmail.com,ESLOVENIA
